filter, sd, nu, gamma, n_components, time, undect, dect(m), dect(u), sse_dect, dect_R
BENIGN,0,0.1,0.1,10,0.6357522010803223,1367,10,169,615,0.36448163644816367
BENIGN,0,0.5,0.1,10,0.7542281150817871,1373,10,163,615,0.36169223616922364
BENIGN,0,0.7,0.1,10,0.7718150615692139,1373,10,163,615,0.36169223616922364
BENIGN,0,0.1,0.5,10,0.6419901847839355,1367,10,169,615,0.36448163644816367
BENIGN,0,0.5,0.5,10,0.72369384765625,1373,10,163,615,0.36169223616922364
BENIGN,0,0.7,0.5,10,0.761221170425415,1373,10,163,615,0.36169223616922364
BENIGN,0,0.1,0.9,10,0.6357569694519043,1367,10,169,615,0.36448163644816367
BENIGN,0,0.5,0.9,10,0.6839144229888916,1373,10,163,615,0.36169223616922364
BENIGN,0,0.7,0.9,10,0.7599329948425293,1373,10,163,615,0.36169223616922364
BENIGN,0,0.1,0.1,50,1.2288239002227783,1367,10,169,615,0.36448163644816367
BENIGN,0,0.5,0.1,50,1.420069694519043,1373,10,163,615,0.36169223616922364
BENIGN,0,0.7,0.1,50,1.4526095390319824,1373,10,163,615,0.36169223616922364
BENIGN,0,0.1,0.5,50,1.2234547138214111,1367,10,169,615,0.36448163644816367
BENIGN,0,0.5,0.5,50,1.3338916301727295,1373,10,163,615,0.36169223616922364
BENIGN,0,0.7,0.5,50,1.445206642150879,1373,10,163,615,0.36169223616922364
BENIGN,0,0.1,0.9,50,1.2178611755371094,1367,10,169,615,0.36448163644816367
BENIGN,0,0.5,0.9,50,1.2992045879364014,1373,10,163,615,0.36169223616922364
BENIGN,0,0.7,0.9,50,1.4444773197174072,1373,10,163,615,0.36169223616922364
BENIGN,0,0.1,0.1,100,1.80916166305542,1367,10,169,615,0.36448163644816367
BENIGN,0,0.5,0.1,100,2.0658936500549316,1373,10,163,615,0.36169223616922364
BENIGN,0,0.7,0.1,100,2.116133689880371,1373,10,163,615,0.36169223616922364
BENIGN,0,0.1,0.5,100,1.80849289894104,1367,10,169,615,0.36448163644816367
BENIGN,0,0.5,0.5,100,1.9841251373291016,1373,10,163,615,0.36169223616922364
BENIGN,0,0.7,0.5,100,2.1235508918762207,1373,10,163,615,0.36169223616922364
BENIGN,0,0.1,0.9,100,1.8156228065490723,1367,10,169,615,0.36448163644816367
BENIGN,0,0.5,0.9,100,1.9273838996887207,1373,10,163,615,0.36169223616922364
BENIGN,0,0.7,0.9,100,2.1179749965667725,1373,10,163,615,0.36169223616922364
BENIGN,0,0.1,0.1,150,2.5163369178771973,1367,10,169,615,0.36448163644816367
BENIGN,0,0.5,0.1,150,2.90523099899292,1373,10,163,615,0.36169223616922364
BENIGN,0,0.7,0.1,150,3.023615837097168,1373,10,163,615,0.36169223616922364
BENIGN,0,0.1,0.5,150,2.514528751373291,1367,10,169,615,0.36448163644816367
BENIGN,0,0.5,0.5,150,2.778883457183838,1373,10,163,615,0.36169223616922364
BENIGN,0,0.7,0.5,150,3.0174648761749268,1373,10,163,615,0.36169223616922364
BENIGN,0,0.1,0.9,150,2.5256733894348145,1367,10,169,615,0.36448163644816367
BENIGN,0,0.5,0.9,150,2.7257933616638184,1373,10,163,615,0.36169223616922364
BENIGN,0,0.7,0.9,150,2.9944567680358887,1373,10,163,615,0.36169223616922364
BENIGN,0,0.1,0.1,200,3.215235710144043,1367,10,169,615,0.36448163644816367
BENIGN,0,0.5,0.1,200,3.679596424102783,1373,10,163,615,0.36169223616922364
BENIGN,0,0.7,0.1,200,3.8192105293273926,1373,10,163,615,0.36169223616922364
BENIGN,0,0.1,0.5,200,3.2385246753692627,1367,10,169,615,0.36448163644816367
BENIGN,0,0.5,0.5,200,3.532139301300049,1373,10,163,615,0.36169223616922364
BENIGN,0,0.7,0.5,200,3.8066232204437256,1373,10,163,615,0.36169223616922364
BENIGN,0,0.1,0.9,200,3.248276472091675,1367,10,169,615,0.36448163644816367
BENIGN,0,0.5,0.9,200,3.4713079929351807,1373,10,163,615,0.36169223616922364
BENIGN,0,0.7,0.9,200,3.7949976921081543,1373,10,163,615,0.36169223616922364
BENIGN,42,0.1,0.1,10,0.6189918518066406,1083,6,664,403,0.496513249651325
BENIGN,42,0.5,0.1,10,0.753516674041748,1077,6,670,403,0.499302649930265
BENIGN,42,0.7,0.1,10,0.7736799716949463,1077,6,670,403,0.499302649930265
BENIGN,42,0.1,0.5,10,0.6345765590667725,1080,6,667,403,0.497907949790795
BENIGN,42,0.5,0.5,10,0.6765508651733398,1077,6,670,403,0.499302649930265
BENIGN,42,0.7,0.5,10,0.7576820850372314,1077,6,670,403,0.499302649930265
BENIGN,42,0.1,0.9,10,0.6274423599243164,1080,6,667,403,0.497907949790795
BENIGN,42,0.5,0.9,10,0.6737685203552246,1077,6,670,403,0.499302649930265
BENIGN,42,0.7,0.9,10,0.6765508651733398,1077,6,670,403,0.499302649930265
BENIGN,42,0.1,0.1,50,1.2259232997894287,1083,6,664,403,0.496513249651325
BENIGN,42,0.5,0.1,50,1.4160802364349365,1077,6,670,403,0.499302649930265
BENIGN,42,0.7,0.1,50,1.4420361518859863,1077,6,670,403,0.499302649930265
BENIGN,42,0.1,0.5,50,1.1999495029449463,1081,6,666,403,0.497443049744305
BENIGN,42,0.5,0.5,50,1.3086159229278564,1077,6,670,403,0.499302649930265
BENIGN,42,0.7,0.5,50,1.4346790313720703,1077,6,670,403,0.499302649930265
BENIGN,42,0.1,0.9,50,1.204293966293335,1081,6,666,403,0.497443049744305
BENIGN,42,0.5,0.9,50,1.2942430973052979,1077,6,670,403,0.499302649930265
BENIGN,42,0.7,0.9,50,1.3289313316345215,1077,6,670,403,0.499302649930265
BENIGN,42,0.1,0.1,100,1.7941124439239502,1083,6,664,403,0.496513249651325
BENIGN,42,0.5,0.1,100,2.0546538829803467,1077,6,670,403,0.499302649930265
BENIGN,42,0.7,0.1,100,2.1374261379241943,1077,6,670,403,0.499302649930265
BENIGN,42,0.1,0.5,100,1.8122587203979492,1081,6,666,403,0.497443049744305
BENIGN,42,0.5,0.5,100,1.9228355884552002,1077,6,670,403,0.499302649930265
BENIGN,42,0.7,0.5,100,2.1126773357391357,1077,6,670,403,0.499302649930265
BENIGN,42,0.1,0.9,100,1.8069922924041748,1081,6,666,403,0.497443049744305
BENIGN,42,0.5,0.9,100,1.9285483360290527,1077,6,670,403,0.499302649930265
BENIGN,42,0.7,0.9,100,1.9810528755187988,1077,6,670,403,0.499302649930265
BENIGN,42,0.1,0.1,150,2.514007329940796,1083,6,664,403,0.496513249651325
BENIGN,42,0.5,0.1,150,2.8815178871154785,1077,6,670,403,0.499302649930265
BENIGN,42,0.7,0.1,150,3.0009982585906982,1077,6,670,403,0.499302649930265
BENIGN,42,0.1,0.5,150,2.518589496612549,1081,6,666,403,0.497443049744305
BENIGN,42,0.5,0.5,150,2.70426869392395,1077,6,670,403,0.499302649930265
BENIGN,42,0.7,0.5,150,2.993847131729126,1077,6,670,403,0.499302649930265
BENIGN,42,0.1,0.9,150,2.5164685249328613,1081,6,666,403,0.497443049744305
BENIGN,42,0.5,0.9,150,2.711744785308838,1077,6,670,403,0.499302649930265
BENIGN,42,0.7,0.9,150,2.8264968395233154,1077,6,670,403,0.499302649930265
BENIGN,42,0.1,0.1,200,3.211313247680664,1083,6,664,403,0.496513249651325
BENIGN,42,0.5,0.1,200,3.7264695167541504,1077,6,670,403,0.499302649930265
BENIGN,42,0.7,0.1,200,3.9168975353240967,1077,6,670,403,0.499302649930265
BENIGN,42,0.1,0.5,200,3.2193286418914795,1081,6,666,403,0.497443049744305
BENIGN,42,0.5,0.5,200,3.5049195289611816,1077,6,670,403,0.499302649930265
BENIGN,42,0.7,0.5,200,3.793675184249878,1077,6,670,403,0.499302649930265
BENIGN,42,0.1,0.9,200,3.213449716567993,1081,6,666,403,0.497443049744305
BENIGN,42,0.5,0.9,200,3.453281879425049,1077,6,670,403,0.499302649930265
BENIGN,42,0.7,0.9,200,3.561411142349243,1077,6,670,403,0.499302649930265
BENIGN,123,0.1,0.1,10,0.6281616687774658,871,2,670,608,0.595072059507206
BENIGN,123,0.5,0.1,10,0.7568387985229492,872,2,669,608,0.594607159460716
BENIGN,123,0.7,0.1,10,0.7628743648529053,872,2,669,608,0.594607159460716
BENIGN,123,0.1,0.5,10,0.6353914737701416,871,2,670,608,0.595072059507206
BENIGN,123,0.5,0.5,10,0.6869192123413086,872,2,669,608,0.594607159460716
BENIGN,123,0.7,0.5,10,0.7726647853851318,872,2,669,608,0.594607159460716
BENIGN,123,0.1,0.9,10,0.6359348297119141,871,2,670,608,0.595072059507206
BENIGN,123,0.5,0.9,10,0.6846277713775635,872,2,669,608,0.594607159460716
BENIGN,123,0.7,0.9,10,0.7455387115478516,872,2,669,608,0.594607159460716
BENIGN,123,0.1,0.1,50,1.228701114654541,871,2,670,608,0.595072059507206
BENIGN,123,0.5,0.1,50,1.4266407489776611,872,2,669,608,0.594607159460716
BENIGN,123,0.7,0.1,50,1.4717278480529785,872,2,669,608,0.594607159460716
BENIGN,123,0.1,0.5,50,1.224599838256836,871,2,670,608,0.595072059507206
BENIGN,123,0.5,0.5,50,1.3118336200714111,872,2,669,608,0.594607159460716
BENIGN,123,0.7,0.5,50,1.4502832889556885,872,2,669,608,0.594607159460716
BENIGN,123,0.1,0.9,50,1.2263689041137695,871,2,670,608,0.595072059507206
BENIGN,123,0.5,0.9,50,1.310835361480713,872,2,669,608,0.594607159460716
BENIGN,123,0.7,0.9,50,1.4127802848815918,872,2,669,608,0.594607159460716
BENIGN,123,0.1,0.1,100,1.82879638671875,871,2,670,608,0.595072059507206
BENIGN,123,0.5,0.1,100,2.079454183578491,872,2,669,608,0.594607159460716
BENIGN,123,0.7,0.1,100,2.148655891418457,872,2,669,608,0.594607159460716
BENIGN,123,0.1,0.5,100,1.8246898651123047,871,2,670,608,0.595072059507206
BENIGN,123,0.5,0.5,100,1.9457507133483887,872,2,669,608,0.594607159460716
BENIGN,123,0.7,0.5,100,2.14288592338562,872,2,669,608,0.594607159460716
BENIGN,123,0.1,0.9,100,1.8250200748443604,871,2,670,608,0.595072059507206
BENIGN,123,0.5,0.9,100,1.9345035552978516,872,2,669,608,0.594607159460716
BENIGN,123,0.7,0.9,100,2.0814530849456787,872,2,669,608,0.594607159460716
BENIGN,123,0.1,0.1,150,2.5655453205108643,871,2,670,608,0.595072059507206
BENIGN,123,0.5,0.1,150,2.928330421447754,872,2,669,608,0.594607159460716
BENIGN,123,0.7,0.1,150,3.032205820083618,872,2,669,608,0.594607159460716
BENIGN,123,0.1,0.5,150,2.54001784324646,871,2,670,608,0.595072059507206
BENIGN,123,0.5,0.5,150,2.7232069969177246,872,2,669,608,0.594607159460716
BENIGN,123,0.7,0.5,150,3.0178887844085693,872,2,669,608,0.594607159460716
BENIGN,123,0.1,0.9,150,2.5537331104278564,871,2,670,608,0.595072059507206
BENIGN,123,0.5,0.9,150,2.7425239086151123,872,2,669,608,0.594607159460716
BENIGN,123,0.7,0.9,150,2.9935648441314697,872,2,669,608,0.594607159460716
BENIGN,123,0.1,0.1,200,3.309079170227051,871,2,670,608,0.595072059507206
BENIGN,123,0.5,0.1,200,3.774054527282715,872,2,669,608,0.594607159460716
BENIGN,123,0.7,0.1,200,3.931565999984741,872,2,669,608,0.594607159460716
BENIGN,123,0.1,0.5,200,3.3276262283325195,871,2,670,608,0.595072059507206
BENIGN,123,0.5,0.5,200,3.8535492420196533,872,2,669,608,0.594607159460716
BENIGN,123,0.7,0.5,200,3.9966702461242676,872,2,669,608,0.594607159460716
BENIGN,123,0.1,0.9,200,3.3110036849975586,871,2,670,608,0.595072059507206
BENIGN,123,0.5,0.9,200,3.555548906326294,872,2,669,608,0.594607159460716
BENIGN,123,0.7,0.9,200,3.839691638946533,872,2,669,608,0.594607159460716
BENIGN,222,0.1,0.1,10,0.64640212059021,1365,7,405,381,0.36541143654114366
BENIGN,222,0.5,0.1,10,0.8104021549224854,1364,7,406,381,0.36587633658763363
BENIGN,222,0.7,0.1,10,0.7897090911865234,1364,7,406,381,0.36587633658763363
BENIGN,222,0.1,0.5,10,0.6695950031280518,1364,7,406,381,0.36587633658763363
BENIGN,222,0.5,0.5,10,0.7424829006195068,1364,7,406,381,0.36587633658763363
BENIGN,222,0.7,0.5,10,0.8022613525390625,1364,7,406,381,0.36587633658763363
BENIGN,222,0.1,0.9,10,0.6597084999084473,1364,7,406,381,0.36587633658763363
BENIGN,222,0.5,0.9,10,0.7107927799224854,1364,7,406,381,0.36587633658763363
BENIGN,222,0.7,0.9,10,0.7311999797821045,1364,7,406,381,0.36587633658763363
BENIGN,222,0.1,0.1,50,1.329000473022461,1365,7,405,381,0.36541143654114366
BENIGN,222,0.5,0.1,50,1.5559766292572021,1364,7,406,381,0.36587633658763363
BENIGN,222,0.7,0.1,50,1.5562846660614014,1364,7,406,381,0.36587633658763363
BENIGN,222,0.1,0.5,50,1.330676794052124,1364,7,406,381,0.36587633658763363
BENIGN,222,0.5,0.5,50,1.4514098167419434,1364,7,406,381,0.36587633658763363
BENIGN,222,0.7,0.5,50,1.5680208206176758,1364,7,406,381,0.36587633658763363
BENIGN,222,0.1,0.9,50,1.3333356380462646,1364,7,406,381,0.36587633658763363
BENIGN,222,0.5,0.9,50,1.4171102046966553,1364,7,406,381,0.36587633658763363
BENIGN,222,0.7,0.9,50,1.4964642524719238,1364,7,406,381,0.36587633658763363
BENIGN,222,0.1,0.1,100,2.024646520614624,1365,7,405,381,0.36541143654114366
BENIGN,222,0.5,0.1,100,2.2873642444610596,1364,7,406,381,0.36587633658763363
BENIGN,222,0.7,0.1,100,2.32991361618042,1364,7,406,381,0.36587633658763363
BENIGN,222,0.1,0.5,100,2.027782440185547,1364,7,406,381,0.36587633658763363
BENIGN,222,0.5,0.5,100,2.2111504077911377,1364,7,406,381,0.36587633658763363
BENIGN,222,0.7,0.5,100,2.334592819213867,1364,7,406,381,0.36587633658763363
BENIGN,222,0.1,0.9,100,2.041677951812744,1364,7,406,381,0.36587633658763363
BENIGN,222,0.5,0.9,100,2.1351990699768066,1364,7,406,381,0.36587633658763363
BENIGN,222,0.7,0.9,100,2.241769790649414,1364,7,406,381,0.36587633658763363
BENIGN,222,0.1,0.1,150,2.871255397796631,1365,7,405,381,0.36541143654114366
BENIGN,222,0.5,0.1,150,3.2466046810150146,1364,7,406,381,0.36587633658763363
BENIGN,222,0.7,0.1,150,3.3015692234039307,1364,7,406,381,0.36587633658763363
BENIGN,222,0.1,0.5,150,2.888676881790161,1364,7,406,381,0.36587633658763363
BENIGN,222,0.5,0.5,150,3.1308019161224365,1364,7,406,381,0.36587633658763363
BENIGN,222,0.7,0.5,150,3.3216536045074463,1364,7,406,381,0.36587633658763363
BENIGN,222,0.1,0.9,150,2.878730297088623,1364,7,406,381,0.36587633658763363
BENIGN,222,0.5,0.9,150,3.022594690322876,1364,7,406,381,0.36587633658763363
BENIGN,222,0.7,0.9,150,3.1820034980773926,1364,7,406,381,0.36587633658763363
BENIGN,222,0.1,0.1,200,3.7142744064331055,1365,7,405,381,0.36541143654114366
BENIGN,222,0.5,0.1,200,4.210397005081177,1364,7,406,381,0.36587633658763363
BENIGN,222,0.7,0.1,200,4.3079774379730225,1364,7,406,381,0.36587633658763363
BENIGN,222,0.1,0.5,200,3.728577136993408,1364,7,406,381,0.36587633658763363
BENIGN,222,0.5,0.5,200,4.038252592086792,1364,7,406,381,0.36587633658763363
BENIGN,222,0.7,0.5,200,4.32377028465271,1364,7,406,381,0.36587633658763363
BENIGN,222,0.1,0.9,200,4.340086221694946,1364,7,406,381,0.36587633658763363
BENIGN,222,0.5,0.9,200,4.135595083236694,1364,7,406,381,0.36587633658763363
BENIGN,222,0.7,0.9,200,4.145493507385254,1364,7,406,381,0.36587633658763363
BENIGN,419,0.1,0.1,10,0.6478347778320312,1473,1,267,411,0.31520223152022314
BENIGN,419,0.5,0.1,10,0.8511438369750977,1468,1,272,411,0.31752673175267315
BENIGN,419,0.7,0.1,10,0.9334778785705566,1457,1,283,411,0.32264063226406325
BENIGN,419,0.1,0.5,10,0.6630904674530029,1474,1,266,411,0.3147373314737332
BENIGN,419,0.5,0.5,10,0.7069907188415527,1465,1,275,411,0.31892143189214317
BENIGN,419,0.7,0.5,10,0.7878367900848389,1444,1,296,411,0.3286843328684333
BENIGN,419,0.1,0.9,10,0.6594662666320801,1471,1,269,411,0.31613203161320313
BENIGN,419,0.5,0.9,10,0.7023911476135254,1469,1,271,411,0.3170618317061832
BENIGN,419,0.7,0.9,10,0.7935822010040283,1454,1,286,411,0.3240353324035332
BENIGN,419,0.1,0.1,50,1.3191065788269043,1473,1,267,411,0.31520223152022314
BENIGN,419,0.5,0.1,50,1.552067518234253,1468,1,272,411,0.31752673175267315
BENIGN,419,0.7,0.1,50,1.640897274017334,1457,1,283,411,0.32264063226406325
BENIGN,419,0.1,0.5,50,1.4709057807922363,1474,1,266,411,0.3147373314737332
BENIGN,419,0.5,0.5,50,1.4497995376586914,1465,1,275,411,0.31892143189214317
BENIGN,419,0.7,0.5,50,1.600944995880127,1444,1,296,411,0.3286843328684333
BENIGN,419,0.1,0.9,50,1.3303883075714111,1471,1,269,411,0.31613203161320313
BENIGN,419,0.5,0.9,50,1.3954126834869385,1469,1,271,411,0.3170618317061832
BENIGN,419,0.7,0.9,50,1.5881717205047607,1454,1,286,411,0.3240353324035332
BENIGN,419,0.1,0.1,100,2.0871429443359375,1473,1,267,411,0.31520223152022314
BENIGN,419,0.5,0.1,100,2.287662982940674,1468,1,272,411,0.31752673175267315
BENIGN,419,0.7,0.1,100,2.3329102993011475,1457,1,283,411,0.32264063226406325
BENIGN,419,0.1,0.5,100,2.1430654525756836,1474,1,266,411,0.3147373314737332
BENIGN,419,0.5,0.5,100,2.139390707015991,1465,1,275,411,0.31892143189214317
BENIGN,419,0.7,0.5,100,2.4555861949920654,1444,1,296,411,0.3286843328684333
BENIGN,419,0.1,0.9,100,2.0857532024383545,1471,1,269,411,0.31613203161320313
BENIGN,419,0.5,0.9,100,2.1339542865753174,1469,1,271,411,0.3170618317061832
BENIGN,419,0.7,0.9,100,2.341862678527832,1454,1,286,411,0.3240353324035332
BENIGN,419,0.1,0.1,150,2.935758590698242,1473,1,267,411,0.31520223152022314
BENIGN,419,0.5,0.1,150,3.1932997703552246,1468,1,272,411,0.31752673175267315
BENIGN,419,0.7,0.1,150,3.290881872177124,1457,1,283,411,0.32264063226406325
BENIGN,419,0.1,0.5,150,2.848203659057617,1474,1,266,411,0.3147373314737332
BENIGN,419,0.5,0.5,150,2.9932920932769775,1465,1,275,411,0.31892143189214317
BENIGN,419,0.7,0.5,150,3.2920777797698975,1444,1,296,411,0.3286843328684333
BENIGN,419,0.1,0.9,150,2.9777562618255615,1471,1,269,411,0.31613203161320313
BENIGN,419,0.5,0.9,150,3.0513834953308105,1469,1,271,411,0.3170618317061832
BENIGN,419,0.7,0.9,150,3.316981792449951,1454,1,286,411,0.3240353324035332
BENIGN,419,0.1,0.1,200,3.734375238418579,1473,1,267,411,0.31520223152022314
BENIGN,419,0.5,0.1,200,4.196626663208008,1468,1,272,411,0.31752673175267315
BENIGN,419,0.7,0.1,200,4.349516868591309,1457,1,283,411,0.32264063226406325
BENIGN,419,0.1,0.5,200,3.6941072940826416,1474,1,266,411,0.3147373314737332
BENIGN,419,0.5,0.5,200,3.9694180488586426,1465,1,275,411,0.31892143189214317
BENIGN,419,0.7,0.5,200,4.296349287033081,1445,1,295,411,0.32821943282194327
BENIGN,419,0.1,0.9,200,3.7653322219848633,1471,1,269,411,0.31613203161320313
BENIGN,419,0.5,0.9,200,3.923203468322754,1469,1,271,411,0.3170618317061832
BENIGN,419,0.7,0.9,200,4.298692226409912,1454,1,286,411,0.3240353324035332
BENIGN,844,0.1,0.1,10,0.651038408279419,1249,2,469,433,0.4193398419339842
BENIGN,844,0.5,0.1,10,0.7816901206970215,1249,2,469,433,0.4193398419339842
BENIGN,844,0.7,0.1,10,0.770531415939331,1249,2,469,433,0.4193398419339842
BENIGN,844,0.1,0.5,10,0.6573209762573242,1249,2,469,433,0.4193398419339842
BENIGN,844,0.5,0.5,10,0.7271156311035156,1250,2,468,433,0.4188749418874942
BENIGN,844,0.7,0.5,10,0.7844936847686768,1249,2,469,433,0.4193398419339842
BENIGN,844,0.1,0.9,10,0.6501398086547852,1250,2,468,433,0.4188749418874942
BENIGN,844,0.5,0.9,10,0.703528881072998,1250,2,468,433,0.4188749418874942
BENIGN,844,0.7,0.9,10,0.7806293964385986,1249,2,469,433,0.4193398419339842
BENIGN,844,0.1,0.1,50,1.3439874649047852,1249,2,469,433,0.4193398419339842
BENIGN,844,0.5,0.1,50,1.5545940399169922,1249,2,469,433,0.4193398419339842
BENIGN,844,0.7,0.1,50,1.5336778163909912,1249,2,469,433,0.4193398419339842
BENIGN,844,0.1,0.5,50,1.304992914199829,1249,2,469,433,0.4193398419339842
BENIGN,844,0.5,0.5,50,1.4555723667144775,1250,2,468,433,0.4188749418874942
BENIGN,844,0.7,0.5,50,1.5357952117919922,1249,2,469,433,0.4193398419339842
BENIGN,844,0.1,0.9,50,1.3185951709747314,1249,2,469,433,0.4193398419339842
BENIGN,844,0.5,0.9,50,1.393850326538086,1250,2,468,433,0.4188749418874942
BENIGN,844,0.7,0.9,50,1.5610735416412354,1249,2,469,433,0.4193398419339842
BENIGN,844,0.1,0.1,100,1.9998528957366943,1249,2,469,433,0.4193398419339842
BENIGN,844,0.5,0.1,100,2.2746291160583496,1249,2,469,433,0.4193398419339842
BENIGN,844,0.7,0.1,100,2.325432777404785,1249,2,469,433,0.4193398419339842
BENIGN,844,0.1,0.5,100,2.083768367767334,1249,2,469,433,0.4193398419339842
BENIGN,844,0.5,0.5,100,2.286266326904297,1250,2,468,433,0.4188749418874942
BENIGN,844,0.7,0.5,100,2.4075815677642822,1249,2,469,433,0.4193398419339842
BENIGN,844,0.1,0.9,100,2.1734516620635986,1249,2,469,433,0.4193398419339842
BENIGN,844,0.5,0.9,100,2.2098774909973145,1250,2,468,433,0.4188749418874942
BENIGN,844,0.7,0.9,100,2.3858039379119873,1249,2,469,433,0.4193398419339842
BENIGN,844,0.1,0.1,150,2.773428201675415,1249,2,469,433,0.4193398419339842
BENIGN,844,0.5,0.1,150,3.158003807067871,1249,2,469,433,0.4193398419339842
BENIGN,844,0.7,0.1,150,3.2477774620056152,1249,2,469,433,0.4193398419339842
BENIGN,844,0.1,0.5,150,2.7854678630828857,1249,2,469,433,0.4193398419339842
BENIGN,844,0.5,0.5,150,3.0348684787750244,1250,2,468,433,0.4188749418874942
BENIGN,844,0.7,0.5,150,3.255948543548584,1249,2,469,433,0.4193398419339842
BENIGN,844,0.1,0.9,150,2.7882723808288574,1249,2,469,433,0.4193398419339842
BENIGN,844,0.5,0.9,150,2.969193696975708,1250,2,468,433,0.4188749418874942
BENIGN,844,0.7,0.9,150,3.241687297821045,1249,2,469,433,0.4193398419339842
BENIGN,844,0.1,0.1,200,3.6791563034057617,1249,2,469,433,0.4193398419339842
BENIGN,844,0.5,0.1,200,4.181433916091919,1249,2,469,433,0.4193398419339842
BENIGN,844,0.7,0.1,200,4.297275066375732,1249,2,469,433,0.4193398419339842
BENIGN,844,0.1,0.5,200,3.700793743133545,1249,2,469,433,0.4193398419339842
BENIGN,844,0.5,0.5,200,3.9947123527526855,1250,2,468,433,0.4188749418874942
BENIGN,844,0.7,0.5,200,4.287779331207275,1249,2,469,433,0.4193398419339842
BENIGN,844,0.1,0.9,200,3.8133935928344727,1249,2,469,433,0.4193398419339842
BENIGN,844,0.5,0.9,200,4.149708271026611,1250,2,468,433,0.4188749418874942
BENIGN,844,0.7,0.9,200,4.342927932739258,1249,2,469,433,0.4193398419339842
BENIGN,918,0.1,0.1,10,0.6394972801208496,1402,15,240,509,0.3482101348210135
BENIGN,918,0.5,0.1,10,0.7876052856445312,1403,15,239,509,0.34774523477452346
BENIGN,918,0.7,0.1,10,0.7933764457702637,1404,15,238,509,0.3472803347280335
BENIGN,918,0.1,0.5,10,0.6634523868560791,1402,15,240,509,0.3482101348210135
BENIGN,918,0.5,0.5,10,0.76973557472229,1405,15,237,509,0.34681543468154347
BENIGN,918,0.7,0.5,10,0.803795337677002,1404,15,238,509,0.3472803347280335
BENIGN,918,0.1,0.9,10,0.747614860534668,1403,15,239,509,0.34774523477452346
BENIGN,918,0.5,0.9,10,0.7993807792663574,1406,15,236,509,0.34635053463505344
BENIGN,918,0.7,0.9,10,0.7864439487457275,1405,15,237,509,0.34681543468154347
BENIGN,918,0.1,0.1,50,1.3239498138427734,1402,15,240,509,0.3482101348210135
BENIGN,918,0.5,0.1,50,1.5244739055633545,1403,15,239,509,0.34774523477452346
BENIGN,918,0.7,0.1,50,1.5608503818511963,1404,15,238,509,0.3472803347280335
BENIGN,918,0.1,0.5,50,1.473397970199585,1402,15,240,509,0.3482101348210135
BENIGN,918,0.5,0.5,50,1.7439565658569336,1405,15,237,509,0.34681543468154347
BENIGN,918,0.7,0.5,50,1.553704023361206,1405,15,237,509,0.34681543468154347
BENIGN,918,0.1,0.9,50,1.334190845489502,1403,15,239,509,0.34774523477452346
BENIGN,918,0.5,0.9,50,1.486720085144043,1406,15,236,509,0.34635053463505344
BENIGN,918,0.7,0.9,50,1.5794613361358643,1405,15,237,509,0.34681543468154347
BENIGN,918,0.1,0.1,100,2.0361056327819824,1402,15,240,509,0.3482101348210135
BENIGN,918,0.5,0.1,100,2.29311203956604,1403,15,239,509,0.34774523477452346
BENIGN,918,0.7,0.1,100,2.3455066680908203,1404,15,238,509,0.3472803347280335
BENIGN,918,0.1,0.5,100,2.016059160232544,1402,15,240,509,0.3482101348210135
BENIGN,918,0.5,0.5,100,2.2334866523742676,1405,15,237,509,0.34681543468154347
BENIGN,918,0.7,0.5,100,2.3322689533233643,1405,15,237,509,0.34681543468154347
BENIGN,918,0.1,0.9,100,2.024627685546875,1403,15,239,509,0.34774523477452346
BENIGN,918,0.5,0.9,100,2.2239935398101807,1406,15,236,509,0.34635053463505344
BENIGN,918,0.7,0.9,100,2.3347690105438232,1405,15,237,509,0.34681543468154347
BENIGN,918,0.1,0.1,150,2.8185863494873047,1402,15,240,509,0.3482101348210135
BENIGN,918,0.5,0.1,150,3.1958892345428467,1403,15,239,509,0.34774523477452346
BENIGN,918,0.7,0.1,150,3.286820888519287,1404,15,238,509,0.3472803347280335
BENIGN,918,0.1,0.5,150,2.8114941120147705,1402,15,240,509,0.3482101348210135
BENIGN,918,0.5,0.5,150,3.1276156902313232,1405,15,237,509,0.34681543468154347
BENIGN,918,0.7,0.5,150,3.29656720161438,1405,15,237,509,0.34681543468154347
BENIGN,918,0.1,0.9,150,2.867267370223999,1403,15,239,509,0.34774523477452346
BENIGN,918,0.5,0.9,150,3.1190946102142334,1406,15,236,509,0.34635053463505344
BENIGN,918,0.7,0.9,150,3.300687074661255,1405,15,237,509,0.34681543468154347
BENIGN,918,0.1,0.1,200,3.7047154903411865,1402,15,240,509,0.3482101348210135
BENIGN,918,0.5,0.1,200,4.242613792419434,1403,15,239,509,0.34774523477452346
BENIGN,918,0.7,0.1,200,4.366719722747803,1404,15,238,509,0.3472803347280335
BENIGN,918,0.1,0.5,200,3.7035932540893555,1402,15,240,509,0.3482101348210135
BENIGN,918,0.5,0.5,200,4.131254434585571,1405,15,237,509,0.34681543468154347
BENIGN,918,0.7,0.5,200,4.305243015289307,1405,15,237,509,0.34681543468154347
BENIGN,918,0.1,0.9,200,3.702488899230957,1403,15,239,509,0.34774523477452346
BENIGN,918,0.5,0.9,200,4.147235631942749,1406,15,236,509,0.34635053463505344
BENIGN,918,0.7,0.9,200,4.31196665763855,1405,15,237,509,0.34681543468154347
BENIGN,1344,0.1,0.1,10,0.6493451595306396,775,5,962,413,0.6397024639702464
BENIGN,1344,0.5,0.1,10,0.806236982345581,776,5,961,413,0.6392375639237564
BENIGN,1344,0.7,0.1,10,0.7903256416320801,776,5,961,413,0.6392375639237564
BENIGN,1344,0.1,0.5,10,0.6587181091308594,776,5,961,413,0.6392375639237564
BENIGN,1344,0.5,0.5,10,0.7194254398345947,776,5,961,413,0.6392375639237564
BENIGN,1344,0.7,0.5,10,0.7279610633850098,777,5,960,413,0.6387726638772664
BENIGN,1344,0.1,0.9,10,0.6551787853240967,777,5,960,413,0.6387726638772664
BENIGN,1344,0.5,0.9,10,0.7092130184173584,776,5,961,413,0.6392375639237564
BENIGN,1344,0.7,0.9,10,0.7409288883209229,777,5,960,413,0.6387726638772664
BENIGN,1344,0.1,0.1,50,1.3325631618499756,775,5,962,413,0.6397024639702464
BENIGN,1344,0.5,0.1,50,1.6199257373809814,776,5,961,413,0.6392375639237564
BENIGN,1344,0.7,0.1,50,1.6512246131896973,776,5,961,413,0.6392375639237564
BENIGN,1344,0.1,0.5,50,1.3238773345947266,776,5,961,413,0.6392375639237564
BENIGN,1344,0.5,0.5,50,1.453218936920166,776,5,961,413,0.6392375639237564
BENIGN,1344,0.7,0.5,50,1.4810247421264648,777,5,960,413,0.6387726638772664
BENIGN,1344,0.1,0.9,50,1.332411527633667,777,5,960,413,0.6387726638772664
BENIGN,1344,0.5,0.9,50,1.4234519004821777,776,5,961,413,0.6392375639237564
BENIGN,1344,0.7,0.9,50,1.5085232257843018,777,5,960,413,0.6387726638772664
BENIGN,1344,0.1,0.1,100,2.0408852100372314,775,5,962,413,0.6397024639702464
BENIGN,1344,0.5,0.1,100,2.2978076934814453,776,5,961,413,0.6392375639237564
BENIGN,1344,0.7,0.1,100,2.3183789253234863,776,5,961,413,0.6392375639237564
BENIGN,1344,0.1,0.5,100,2.0186071395874023,776,5,961,413,0.6392375639237564
BENIGN,1344,0.5,0.5,100,2.1445789337158203,776,5,961,413,0.6392375639237564
BENIGN,1344,0.7,0.5,100,2.2239701747894287,777,5,960,413,0.6387726638772664
BENIGN,1344,0.1,0.9,100,2.0246176719665527,777,5,960,413,0.6387726638772664
BENIGN,1344,0.5,0.9,100,2.138150453567505,776,5,961,413,0.6392375639237564
BENIGN,1344,0.7,0.9,100,2.239269495010376,777,5,960,413,0.6387726638772664
BENIGN,1344,0.1,0.1,150,2.8021228313446045,775,5,962,413,0.6397024639702464
BENIGN,1344,0.5,0.1,150,3.2437245845794678,776,5,961,413,0.6392375639237564
BENIGN,1344,0.7,0.1,150,3.270237445831299,776,5,961,413,0.6392375639237564
BENIGN,1344,0.1,0.5,150,2.8212997913360596,776,5,961,413,0.6392375639237564
BENIGN,1344,0.5,0.5,150,3.0069193840026855,776,5,961,413,0.6392375639237564
BENIGN,1344,0.7,0.5,150,3.1479289531707764,777,5,960,413,0.6387726638772664
BENIGN,1344,0.1,0.9,150,2.823760509490967,777,5,960,413,0.6387726638772664
BENIGN,1344,0.5,0.9,150,3.0032894611358643,776,5,961,413,0.6392375639237564
BENIGN,1344,0.7,0.9,150,3.164073944091797,777,5,960,413,0.6387726638772664
BENIGN,1344,0.1,0.1,200,3.694607973098755,775,5,962,413,0.6397024639702464
BENIGN,1344,0.5,0.1,200,4.183949947357178,776,5,961,413,0.6392375639237564
BENIGN,1344,0.7,0.1,200,4.304166555404663,776,5,961,413,0.6392375639237564
BENIGN,1344,0.1,0.5,200,3.722576379776001,776,5,961,413,0.6392375639237564
BENIGN,1344,0.5,0.5,200,3.966372489929199,776,5,961,413,0.6392375639237564
BENIGN,1344,0.7,0.5,200,4.130559206008911,777,5,960,413,0.6387726638772664
BENIGN,1344,0.1,0.9,200,3.744405508041382,777,5,960,413,0.6387726638772664
BENIGN,1344,0.5,0.9,200,3.9754843711853027,776,5,961,413,0.6392375639237564
BENIGN,1344,0.7,0.9,200,4.179033041000366,777,5,960,413,0.6387726638772664
BENIGN,65536,0.1,0.1,10,0.7202715873718262,1021,2,486,644,0.5253370525337052
BENIGN,65536,0.5,0.1,10,0.8747427463531494,1014,2,493,644,0.5285913528591353
BENIGN,65536,0.7,0.1,10,0.8548994064331055,1014,2,493,644,0.5285913528591353
BENIGN,65536,0.1,0.5,10,0.7158381938934326,1023,2,484,644,0.5244072524407253
BENIGN,65536,0.5,0.5,10,0.7757983207702637,1013,2,494,644,0.5290562529056253
BENIGN,65536,0.7,0.5,10,0.8642351627349854,1013,2,494,644,0.5290562529056253
BENIGN,65536,0.1,0.9,10,0.7239010334014893,1022,2,485,644,0.5248721524872152
BENIGN,65536,0.5,0.9,10,0.7789461612701416,1013,2,494,644,0.5290562529056253
BENIGN,65536,0.7,0.9,10,0.8191332817077637,1013,2,494,644,0.5290562529056253
BENIGN,65536,0.1,0.1,50,1.615091323852539,1022,2,485,644,0.5248721524872152
BENIGN,65536,0.5,0.1,50,1.9589920043945312,1014,2,493,644,0.5285913528591353
BENIGN,65536,0.7,0.1,50,2.008463144302368,1014,2,493,644,0.5285913528591353
BENIGN,65536,0.1,0.5,50,1.8855571746826172,1023,2,484,644,0.5244072524407253
BENIGN,65536,0.5,0.5,50,1.8253118991851807,1013,2,494,644,0.5290562529056253
BENIGN,65536,0.7,0.5,50,1.9495248794555664,1013,2,494,644,0.5290562529056253
BENIGN,65536,0.1,0.9,50,1.5561110973358154,1022,2,485,644,0.5248721524872152
BENIGN,65536,0.5,0.9,50,1.5530321598052979,1013,2,494,644,0.5290562529056253
BENIGN,65536,0.7,0.9,50,1.7426064014434814,1013,2,494,644,0.5290562529056253
BENIGN,65536,0.1,0.1,100,2.042912006378174,1022,2,485,644,0.5248721524872152
BENIGN,65536,0.5,0.1,100,2.2768869400024414,1014,2,493,644,0.5285913528591353
BENIGN,65536,0.7,0.1,100,2.347478151321411,1014,2,493,644,0.5285913528591353
BENIGN,65536,0.1,0.5,100,2.1023342609405518,1023,2,484,644,0.5244072524407253
BENIGN,65536,0.5,0.5,100,2.2396042346954346,1013,2,494,644,0.5290562529056253
BENIGN,65536,0.7,0.5,100,2.346217393875122,1013,2,494,644,0.5290562529056253
BENIGN,65536,0.1,0.9,100,2.069051504135132,1022,2,485,644,0.5248721524872152
BENIGN,65536,0.5,0.9,100,2.192969560623169,1013,2,494,644,0.5290562529056253
BENIGN,65536,0.7,0.9,100,2.2282893657684326,1013,2,494,644,0.5290562529056253
BENIGN,65536,0.1,0.1,150,2.7966489791870117,1022,2,485,644,0.5248721524872152
BENIGN,65536,0.5,0.1,150,3.1689701080322266,1014,2,493,644,0.5285913528591353
BENIGN,65536,0.7,0.1,150,3.291555881500244,1014,2,493,644,0.5285913528591353
BENIGN,65536,0.1,0.5,150,2.8335726261138916,1023,2,484,644,0.5244072524407253
BENIGN,65536,0.5,0.5,150,3.0595834255218506,1013,2,494,644,0.5290562529056253
BENIGN,65536,0.7,0.5,150,3.272291660308838,1013,2,494,644,0.5290562529056253
BENIGN,65536,0.1,0.9,150,2.8014583587646484,1022,2,485,644,0.5248721524872152
BENIGN,65536,0.5,0.9,150,3.010510206222534,1013,2,494,644,0.5290562529056253
BENIGN,65536,0.7,0.9,150,3.191901445388794,1013,2,494,644,0.5290562529056253
BENIGN,65536,0.1,0.1,200,3.6764650344848633,1022,2,485,644,0.5248721524872152
BENIGN,65536,0.5,0.1,200,4.212623596191406,1014,2,493,644,0.5285913528591353
BENIGN,65536,0.7,0.1,200,4.308408737182617,1014,2,493,644,0.5285913528591353
BENIGN,65536,0.1,0.5,200,3.7373979091644287,1023,2,484,644,0.5244072524407253
BENIGN,65536,0.5,0.5,200,3.9372823238372803,1013,2,494,644,0.5290562529056253
BENIGN,65536,0.7,0.5,200,4.383762359619141,1013,2,494,644,0.5290562529056253
BENIGN,65536,0.1,0.9,200,3.8327267169952393,1022,2,485,644,0.5248721524872152
BENIGN,65536,0.5,0.9,200,3.9998409748077393,1013,2,494,644,0.5290562529056253
BENIGN,65536,0.7,0.9,200,4.149765729904175,1013,2,494,644,0.5290562529056253
BENIGN,815149,0.1,0.1,10,0.627570629119873,1225,6,478,447,0.4304974430497443
BENIGN,815149,0.5,0.1,10,0.7709400653839111,1225,6,478,447,0.4304974430497443
BENIGN,815149,0.7,0.1,10,0.7701799869537354,1225,6,478,447,0.4304974430497443
BENIGN,815149,0.1,0.5,10,0.6389503479003906,1225,6,478,447,0.4304974430497443
BENIGN,815149,0.5,0.5,10,0.7669334411621094,1225,6,478,447,0.4304974430497443
BENIGN,815149,0.7,0.5,10,0.7731349468231201,1225,6,478,447,0.4304974430497443
BENIGN,815149,0.1,0.9,10,0.6351258754730225,1225,6,478,447,0.4304974430497443
BENIGN,815149,0.5,0.9,10,0.7157807350158691,1225,6,478,447,0.4304974430497443
BENIGN,815149,0.7,0.9,10,0.7791604995727539,1225,6,478,447,0.4304974430497443
BENIGN,815149,0.1,0.1,50,1.2207930088043213,1225,6,478,447,0.4304974430497443
BENIGN,815149,0.5,0.1,50,1.419276237487793,1225,6,478,447,0.4304974430497443
BENIGN,815149,0.7,0.1,50,1.4637541770935059,1225,6,478,447,0.4304974430497443
BENIGN,815149,0.1,0.5,50,1.2360131740570068,1225,6,478,447,0.4304974430497443
BENIGN,815149,0.5,0.5,50,1.4161484241485596,1225,6,478,447,0.4304974430497443
BENIGN,815149,0.7,0.5,50,1.4441733360290527,1225,6,478,447,0.4304974430497443
BENIGN,815149,0.1,0.9,50,1.2263314723968506,1225,6,478,447,0.4304974430497443
BENIGN,815149,0.5,0.9,50,1.3641729354858398,1225,6,478,447,0.4304974430497443
BENIGN,815149,0.7,0.9,50,1.4432742595672607,1225,6,478,447,0.4304974430497443
BENIGN,815149,0.1,0.1,100,1.827284336090088,1225,6,478,447,0.4304974430497443
BENIGN,815149,0.5,0.1,100,2.07637882232666,1225,6,478,447,0.4304974430497443
BENIGN,815149,0.7,0.1,100,2.123537063598633,1225,6,478,447,0.4304974430497443
BENIGN,815149,0.1,0.5,100,1.8157954216003418,1225,6,478,447,0.4304974430497443
BENIGN,815149,0.5,0.5,100,2.071708917617798,1225,6,478,447,0.4304974430497443
BENIGN,815149,0.7,0.5,100,2.1231608390808105,1225,6,478,447,0.4304974430497443
BENIGN,815149,0.1,0.9,100,1.815321922302246,1225,6,478,447,0.4304974430497443
BENIGN,815149,0.5,0.9,100,1.9756832122802734,1225,6,478,447,0.4304974430497443
BENIGN,815149,0.7,0.9,100,2.124046802520752,1225,6,478,447,0.4304974430497443
BENIGN,815149,0.1,0.1,150,2.51751971244812,1225,6,478,447,0.4304974430497443
BENIGN,815149,0.5,0.1,150,2.9013125896453857,1225,6,478,447,0.4304974430497443
BENIGN,815149,0.7,0.1,150,3.0631227493286133,1225,6,478,447,0.4304974430497443
BENIGN,815149,0.1,0.5,150,2.587629795074463,1225,6,478,447,0.4304974430497443
BENIGN,815149,0.5,0.5,150,2.957202672958374,1225,6,478,447,0.4304974430497443
BENIGN,815149,0.7,0.5,150,3.019301652908325,1225,6,478,447,0.4304974430497443
BENIGN,815149,0.1,0.9,150,2.5264244079589844,1225,6,478,447,0.4304974430497443
BENIGN,815149,0.5,0.9,150,2.801776885986328,1225,6,478,447,0.4304974430497443
BENIGN,815149,0.7,0.9,150,2.99967885017395,1225,6,478,447,0.4304974430497443
BENIGN,815149,0.1,0.1,200,3.364809513092041,1225,6,478,447,0.4304974430497443
BENIGN,815149,0.5,0.1,200,3.7748782634735107,1225,6,478,447,0.4304974430497443
BENIGN,815149,0.7,0.1,200,3.9776477813720703,1225,6,478,447,0.4304974430497443
BENIGN,815149,0.1,0.5,200,3.2993993759155273,1225,6,478,447,0.4304974430497443
BENIGN,815149,0.5,0.5,200,3.7718570232391357,1225,6,478,447,0.4304974430497443
BENIGN,815149,0.7,0.5,200,3.88459849357605,1225,6,478,447,0.4304974430497443
BENIGN,815149,0.1,0.9,200,3.279327630996704,1225,6,478,447,0.4304974430497443
BENIGN,815149,0.5,0.9,200,3.598848819732666,1225,6,478,447,0.4304974430497443
BENIGN,815149,0.7,0.9,200,3.906071901321411,1225,6,478,447,0.4304974430497443
DrDoS_UDP,0,0.1,0.1,10,0.7946047782897949,1724,175,178383,2954535,0.9994500171151867
DrDoS_UDP,0,0.5,0.1,10,0.9248464107513428,1720,175,178387,2954535,0.9994512931775644
DrDoS_UDP,0,0.7,0.1,10,0.9341652393341064,1719,175,178388,2954535,0.9994516121931588
DrDoS_UDP,0,0.1,0.5,10,0.7955646514892578,1721,175,178386,2954535,0.9994509741619699
DrDoS_UDP,0,0.5,0.5,10,0.862196683883667,1720,175,178387,2954535,0.9994512931775644
DrDoS_UDP,0,0.7,0.5,10,0.9380369186401367,1719,175,178388,2954535,0.9994516121931588
DrDoS_UDP,0,0.1,0.9,10,0.7888367176055908,1718,175,178389,2954535,0.9994519312087533
DrDoS_UDP,0,0.5,0.9,10,0.8399810791015625,1720,175,178387,2954535,0.9994512931775644
DrDoS_UDP,0,0.7,0.9,10,0.9431207180023193,1719,175,178388,2954535,0.9994516121931588
DrDoS_UDP,0,0.1,0.1,50,1.495964765548706,1724,175,178383,2954535,0.9994500171151867
DrDoS_UDP,0,0.5,0.1,50,1.6583824157714844,1720,175,178387,2954535,0.9994512931775644
DrDoS_UDP,0,0.7,0.1,50,1.708646297454834,1719,175,178388,2954535,0.9994516121931588
DrDoS_UDP,0,0.1,0.5,50,1.4898056983947754,1717,175,178390,2954535,0.9994522502243477
DrDoS_UDP,0,0.5,0.5,50,1.603736162185669,1720,175,178387,2954535,0.9994512931775644
DrDoS_UDP,0,0.7,0.5,50,1.6951854228973389,1719,175,178388,2954535,0.9994516121931588
DrDoS_UDP,0,0.1,0.9,50,1.4954569339752197,1718,175,178389,2954535,0.9994519312087533
DrDoS_UDP,0,0.5,0.9,50,1.5631067752838135,1720,175,178387,2954535,0.9994512931775644
DrDoS_UDP,0,0.7,0.9,50,1.7054779529571533,1719,175,178388,2954535,0.9994516121931588
DrDoS_UDP,0,0.1,0.1,100,2.315589427947998,1724,175,178383,2954535,0.9994500171151867
DrDoS_UDP,0,0.5,0.1,100,2.558457136154175,1720,175,178387,2954535,0.9994512931775644
DrDoS_UDP,0,0.7,0.1,100,2.6155786514282227,1719,175,178388,2954535,0.9994516121931588
DrDoS_UDP,0,0.1,0.5,100,2.30269193649292,1717,175,178390,2954535,0.9994522502243477
DrDoS_UDP,0,0.5,0.5,100,2.4621713161468506,1720,175,178387,2954535,0.9994512931775644
DrDoS_UDP,0,0.7,0.5,100,2.6168618202209473,1719,175,178388,2954535,0.9994516121931588
DrDoS_UDP,0,0.1,0.9,100,2.316481351852417,1718,175,178389,2954535,0.9994519312087533
DrDoS_UDP,0,0.5,0.9,100,2.425198554992676,1720,175,178387,2954535,0.9994512931775644
DrDoS_UDP,0,0.7,0.9,100,2.6077680587768555,1719,175,178388,2954535,0.9994516121931588
DrDoS_UDP,0,0.1,0.1,150,3.3031530380249023,1724,175,178383,2954535,0.9994500171151867
DrDoS_UDP,0,0.5,0.1,150,3.6850388050079346,1720,175,178387,2954535,0.9994512931775644
DrDoS_UDP,0,0.7,0.1,150,3.8167786598205566,1719,175,178388,2954535,0.9994516121931588
DrDoS_UDP,0,0.1,0.5,150,3.289883852005005,1717,175,178390,2954535,0.9994522502243477
DrDoS_UDP,0,0.5,0.5,150,3.5404062271118164,1720,175,178387,2954535,0.9994512931775644
DrDoS_UDP,0,0.7,0.5,150,3.7868807315826416,1719,175,178388,2954535,0.9994516121931588
DrDoS_UDP,0,0.1,0.9,150,3.3684334754943848,1718,175,178389,2954535,0.9994519312087533
DrDoS_UDP,0,0.5,0.9,150,3.476698398590088,1720,175,178387,2954535,0.9994512931775644
DrDoS_UDP,0,0.7,0.9,150,3.946864366531372,1719,175,178388,2954535,0.9994516121931588
DrDoS_UDP,0,0.1,0.1,200,4.2537782192230225,1724,175,178383,2954535,0.9994500171151867
DrDoS_UDP,0,0.5,0.1,200,4.666266918182373,1720,175,178387,2954535,0.9994512931775644
DrDoS_UDP,0,0.7,0.1,200,4.88985276222229,1719,175,178388,2954535,0.9994516121931588
DrDoS_UDP,0,0.1,0.5,200,4.195971250534058,1717,175,178390,2954535,0.9994522502243477
DrDoS_UDP,0,0.5,0.5,200,4.520189046859741,1720,175,178387,2954535,0.9994512931775644
DrDoS_UDP,0,0.7,0.5,200,4.788369178771973,1719,175,178388,2954535,0.9994516121931588
DrDoS_UDP,0,0.1,0.9,200,4.222897052764893,1718,175,178389,2954535,0.9994519312087533
DrDoS_UDP,0,0.5,0.9,200,4.540646314620972,1720,175,178387,2954535,0.9994512931775644
DrDoS_UDP,0,0.7,0.9,200,4.770440340042114,1719,175,178388,2954535,0.9994516121931588
DrDoS_UDP,42,0.1,0.1,10,0.9915316104888916,811802,3,779632,1543209,0.741022502402985
DrDoS_UDP,42,0.5,0.1,10,1.1182031631469727,757666,3,833768,1543209,0.7582927306235511
DrDoS_UDP,42,0.7,0.1,10,1.1409249305725098,758954,3,832480,1543209,0.7578818385379132
DrDoS_UDP,42,0.1,0.5,10,1.0091302394866943,811339,3,780095,1543209,0.7411702066232103
DrDoS_UDP,42,0.5,0.5,10,1.0586161613464355,754175,3,837259,1543209,0.7594064140637387
DrDoS_UDP,42,0.7,0.5,10,1.1386730670928955,753677,3,837757,1543209,0.7595652838297694
DrDoS_UDP,42,0.1,0.9,10,1.0683043003082275,811284,3,780150,1543209,0.7411877524809045
DrDoS_UDP,42,0.5,0.9,10,1.0727877616882324,751246,3,840188,1543209,0.7603408107398514
DrDoS_UDP,42,0.7,0.9,10,1.0557117462158203,752104,3,839330,1543209,0.7600670953598224
DrDoS_UDP,42,0.1,0.1,50,2.3145554065704346,811804,3,779630,1543209,0.7410218643717961
DrDoS_UDP,42,0.5,0.1,50,2.5422282218933105,757659,3,833775,1543209,0.7582949637327121
DrDoS_UDP,42,0.7,0.1,50,2.569284200668335,758941,3,832493,1543209,0.7578859857406409
DrDoS_UDP,42,0.1,0.5,50,2.336970329284668,811490,3,779944,1543209,0.74112203526845
DrDoS_UDP,42,0.5,0.5,50,2.394512891769409,755195,3,836239,1543209,0.7590810181574106
DrDoS_UDP,42,0.7,0.5,50,2.532966375350952,754541,3,836893,1543209,0.7592896543561739
DrDoS_UDP,42,0.1,0.9,50,2.3288447856903076,811564,3,779870,1543209,0.7410984281144615
DrDoS_UDP,42,0.5,0.9,50,2.41632080078125,751363,3,840071,1543209,0.760303485915302
DrDoS_UDP,42,0.7,0.9,50,2.4186172485351562,752180,3,839254,1543209,0.7600428501746451
DrDoS_UDP,42,0.1,0.1,100,3.961500644683838,811810,3,779624,1543209,0.7410199502782294
DrDoS_UDP,42,0.5,0.1,100,4.200500249862671,757660,3,833774,1543209,0.7582946447171177
DrDoS_UDP,42,0.7,0.1,100,4.25916862487793,758946,3,832488,1543209,0.7578843906626688
DrDoS_UDP,42,0.1,0.5,100,3.9551610946655273,811502,3,779932,1543209,0.7411182070813167
DrDoS_UDP,42,0.5,0.5,100,4.068362712860107,755222,3,836212,1543209,0.7590724047363607
DrDoS_UDP,42,0.7,0.5,100,4.253877639770508,754562,3,836872,1543209,0.7592829550286907
DrDoS_UDP,42,0.1,0.9,100,3.9641356468200684,811564,3,779870,1543209,0.7410984281144615
DrDoS_UDP,42,0.5,0.9,100,4.071768760681152,751390,3,840044,1543209,0.7602948724942521
DrDoS_UDP,42,0.7,0.9,100,4.159426927566528,752214,3,839220,1543209,0.7600320036444341
DrDoS_UDP,42,0.1,0.1,150,5.736251592636108,811810,3,779624,1543209,0.7410199502782294
DrDoS_UDP,42,0.5,0.1,150,6.12516713142395,757662,3,833772,1543209,0.7582940066859288
DrDoS_UDP,42,0.7,0.1,150,6.2372918128967285,758949,3,832485,1543209,0.7578834336158854
DrDoS_UDP,42,0.1,0.5,150,5.737615346908569,811501,3,779933,1543209,0.7411185260969112
DrDoS_UDP,42,0.5,0.5,150,5.942807674407959,755220,3,836214,1543209,0.7590730427675496
DrDoS_UDP,42,0.7,0.5,150,6.269025802612305,754555,3,836879,1543209,0.7592851881378517
DrDoS_UDP,42,0.1,0.9,150,5.7321813106536865,811564,3,779870,1543209,0.7410984281144615
DrDoS_UDP,42,0.5,0.9,150,5.922478675842285,751397,3,840037,1543209,0.7602926393850911
DrDoS_UDP,42,0.7,0.9,150,6.005774736404419,752230,3,839204,1543209,0.7600268993949231
DrDoS_UDP,42,0.1,0.1,200,7.510372877120972,811810,3,779624,1543209,0.7410199502782294
DrDoS_UDP,42,0.5,0.1,200,7.894625902175903,757661,3,833773,1543209,0.7582943257015232
DrDoS_UDP,42,0.7,0.1,200,8.108967304229736,758949,3,832485,1543209,0.7578834336158854
DrDoS_UDP,42,0.1,0.5,200,7.447659730911255,811500,3,779934,1543209,0.7411188451125056
DrDoS_UDP,42,0.5,0.5,200,7.666201114654541,755220,3,836214,1543209,0.7590730427675496
DrDoS_UDP,42,0.7,0.5,200,8.03013300895691,754557,3,836877,1543209,0.7592845501066628
DrDoS_UDP,42,0.1,0.9,200,7.44217586517334,811564,3,779870,1543209,0.7410984281144615
DrDoS_UDP,42,0.5,0.9,200,7.6859118938446045,751394,3,840040,1543209,0.7602935964318743
DrDoS_UDP,42,0.7,0.9,200,7.769247531890869,752228,3,839206,1543209,0.760027537426112
DrDoS_UDP,123,0.1,0.1,10,0.8974747657775879,625580,99,69557,2439506,0.8004302244306608
DrDoS_UDP,123,0.5,0.1,10,0.9956216812133789,675107,99,20030,2439506,0.7846303390848655
DrDoS_UDP,123,0.7,0.1,10,1.0219488143920898,676912,99,18225,2439506,0.7840545159369026
DrDoS_UDP,123,0.1,0.5,10,0.8824524879455566,626970,99,68167,2439506,0.7999867927543902
DrDoS_UDP,123,0.5,0.5,10,0.9367411136627197,676220,99,18917,2439506,0.7842752747282545
DrDoS_UDP,123,0.7,0.5,10,1.019745111465454,676979,99,18158,2439506,0.7840331418920751
DrDoS_UDP,123,0.1,0.9,10,0.8813250064849854,626955,99,68182,2439506,0.7999915779883068
DrDoS_UDP,123,0.5,0.9,10,0.9367039203643799,676223,99,18914,2439506,0.7842743176814713
DrDoS_UDP,123,0.7,0.9,10,0.9917895793914795,677002,99,18135,2439506,0.784025804533403
DrDoS_UDP,123,0.1,0.1,50,1.8027458190917969,624173,99,70964,2439506,0.800879079372037
DrDoS_UDP,123,0.5,0.1,50,2.0050721168518066,675083,99,20054,2439506,0.784637995459132
DrDoS_UDP,123,0.7,0.1,50,2.006404399871826,676905,99,18232,2439506,0.7840567490460636
DrDoS_UDP,123,0.1,0.5,50,1.8011059761047363,625666,99,69471,2439506,0.8004027890895391
DrDoS_UDP,123,0.5,0.5,50,1.8713927268981934,676181,99,18956,2439506,0.7842877163364377
DrDoS_UDP,123,0.7,0.5,50,2.003638505935669,676974,99,18163,2439506,0.7840347369700473
DrDoS_UDP,123,0.1,0.9,50,1.7947871685028076,625657,99,69480,2439506,0.800405660229889
DrDoS_UDP,123,0.5,0.9,50,1.8934946060180664,676194,99,18943,2439506,0.78428356913371
DrDoS_UDP,123,0.7,0.9,50,1.9882547855377197,677001,99,18136,2439506,0.7840261235489975
DrDoS_UDP,123,0.1,0.1,100,2.9526185989379883,624174,99,70963,2439506,0.8008787603564425
DrDoS_UDP,123,0.5,0.1,100,3.1969985961914062,675083,99,20054,2439506,0.784637995459132
DrDoS_UDP,123,0.7,0.1,100,3.247119665145874,676905,99,18232,2439506,0.7840567490460636
DrDoS_UDP,123,0.1,0.5,100,2.943267583847046,625666,99,69471,2439506,0.8004027890895391
DrDoS_UDP,123,0.5,0.5,100,3.0634758472442627,676181,99,18956,2439506,0.7842877163364377
DrDoS_UDP,123,0.7,0.5,100,3.254957437515259,676972,99,18165,2439506,0.7840353750012362
DrDoS_UDP,123,0.1,0.9,100,2.95729923248291,625648,99,69489,2439506,0.8004085313702389
DrDoS_UDP,123,0.5,0.9,100,3.0616517066955566,676194,99,18943,2439506,0.78428356913371
DrDoS_UDP,123,0.7,0.9,100,3.19744873046875,677001,99,18136,2439506,0.7840261235489975
DrDoS_UDP,123,0.1,0.1,150,4.330352067947388,624175,99,70962,2439506,0.8008784413408481
DrDoS_UDP,123,0.5,0.1,150,4.7076427936553955,675082,99,20055,2439506,0.7846383144747264
DrDoS_UDP,123,0.7,0.1,150,4.823916435241699,676905,99,18232,2439506,0.7840567490460636
DrDoS_UDP,123,0.1,0.5,150,4.334569931030273,625666,99,69471,2439506,0.8004027890895391
DrDoS_UDP,123,0.5,0.5,150,4.507636308670044,676181,99,18956,2439506,0.7842877163364377
DrDoS_UDP,123,0.7,0.5,150,4.819116830825806,676973,99,18164,2439506,0.7840350559856417
DrDoS_UDP,123,0.1,0.9,150,4.3362486362457275,625638,99,69499,2439506,0.8004117215261833
DrDoS_UDP,123,0.5,0.9,150,4.516991376876831,676194,99,18943,2439506,0.78428356913371
DrDoS_UDP,123,0.7,0.9,150,4.771165370941162,677001,99,18136,2439506,0.7840261235489975
DrDoS_UDP,123,0.1,0.1,200,5.5696330070495605,624175,99,70962,2439506,0.8008784413408481
DrDoS_UDP,123,0.5,0.1,200,6.052441120147705,675082,99,20055,2439506,0.7846383144747264
DrDoS_UDP,123,0.7,0.1,200,6.188376426696777,676905,99,18232,2439506,0.7840567490460636
DrDoS_UDP,123,0.1,0.5,200,5.619263648986816,625666,99,69471,2439506,0.8004027890895391
DrDoS_UDP,123,0.5,0.5,200,5.854566335678101,676181,99,18956,2439506,0.7842877163364377
DrDoS_UDP,123,0.7,0.5,200,6.14629864692688,676973,99,18164,2439506,0.7840350559856417
DrDoS_UDP,123,0.1,0.9,200,5.53654670715332,625647,99,69490,2439506,0.8004088503858334
DrDoS_UDP,123,0.5,0.9,200,5.76898455619812,676194,99,18943,2439506,0.78428356913371
DrDoS_UDP,123,0.7,0.9,200,6.064849376678467,677001,99,18136,2439506,0.7840261235489975
DrDoS_UDP,222,0.1,0.1,10,0.7852568626403809,46160,16,120329,2968154,0.9852742401606818
DrDoS_UDP,222,0.5,0.1,10,0.9286789894104004,46171,16,120318,2968154,0.985270730989143
DrDoS_UDP,222,0.7,0.1,10,0.919036865234375,46171,16,120318,2968154,0.985270730989143
DrDoS_UDP,222,0.1,0.5,10,0.7867000102996826,46165,16,120324,2968154,0.9852726450827096
DrDoS_UDP,222,0.5,0.5,10,0.8633131980895996,46171,16,120318,2968154,0.985270730989143
DrDoS_UDP,222,0.7,0.5,10,0.9111306667327881,46171,16,120318,2968154,0.985270730989143
DrDoS_UDP,222,0.1,0.9,10,0.7894124984741211,46165,16,120324,2968154,0.9852726450827096
DrDoS_UDP,222,0.5,0.9,10,0.8337688446044922,46171,16,120318,2968154,0.985270730989143
DrDoS_UDP,222,0.7,0.9,10,0.8584084510803223,46171,16,120318,2968154,0.985270730989143
DrDoS_UDP,222,0.1,0.1,50,1.486973524093628,46160,16,120329,2968154,0.9852742401606818
DrDoS_UDP,222,0.5,0.1,50,1.6441657543182373,46171,16,120318,2968154,0.985270730989143
DrDoS_UDP,222,0.7,0.1,50,1.6632094383239746,46171,16,120318,2968154,0.985270730989143
DrDoS_UDP,222,0.1,0.5,50,1.4632492065429688,46165,16,120324,2968154,0.9852726450827096
DrDoS_UDP,222,0.5,0.5,50,1.564749002456665,46171,16,120318,2968154,0.985270730989143
DrDoS_UDP,222,0.7,0.5,50,1.6661794185638428,46171,16,120318,2968154,0.985270730989143
DrDoS_UDP,222,0.1,0.9,50,1.4598722457885742,46165,16,120324,2968154,0.9852726450827096
DrDoS_UDP,222,0.5,0.9,50,1.5326881408691406,46171,16,120318,2968154,0.985270730989143
DrDoS_UDP,222,0.7,0.9,50,1.5919599533081055,46171,16,120318,2968154,0.985270730989143
DrDoS_UDP,222,0.1,0.1,100,2.2977261543273926,46160,16,120329,2968154,0.9852742401606818
DrDoS_UDP,222,0.5,0.1,100,2.5570619106292725,46171,16,120318,2968154,0.985270730989143
DrDoS_UDP,222,0.7,0.1,100,2.592949390411377,46171,16,120318,2968154,0.985270730989143
DrDoS_UDP,222,0.1,0.5,100,2.3002076148986816,46165,16,120324,2968154,0.9852726450827096
DrDoS_UDP,222,0.5,0.5,100,2.471031904220581,46171,16,120318,2968154,0.985270730989143
DrDoS_UDP,222,0.7,0.5,100,2.5995161533355713,46171,16,120318,2968154,0.985270730989143
DrDoS_UDP,222,0.1,0.9,100,2.309102773666382,46165,16,120324,2968154,0.9852726450827096
DrDoS_UDP,222,0.5,0.9,100,2.4270877838134766,46171,16,120318,2968154,0.985270730989143
DrDoS_UDP,222,0.7,0.9,100,2.4978511333465576,46171,16,120318,2968154,0.985270730989143
DrDoS_UDP,222,0.1,0.1,150,3.2670507431030273,46160,16,120329,2968154,0.9852742401606818
DrDoS_UDP,222,0.5,0.1,150,3.668915271759033,46171,16,120318,2968154,0.985270730989143
DrDoS_UDP,222,0.7,0.1,150,3.764045238494873,46171,16,120318,2968154,0.985270730989143
DrDoS_UDP,222,0.1,0.5,150,3.2621569633483887,46165,16,120324,2968154,0.9852726450827096
DrDoS_UDP,222,0.5,0.5,150,3.5089988708496094,46171,16,120318,2968154,0.985270730989143
DrDoS_UDP,222,0.7,0.5,150,3.7871177196502686,46171,16,120318,2968154,0.985270730989143
DrDoS_UDP,222,0.1,0.9,150,3.2906033992767334,46165,16,120324,2968154,0.9852726450827096
DrDoS_UDP,222,0.5,0.9,150,3.459502696990967,46171,16,120318,2968154,0.985270730989143
DrDoS_UDP,222,0.7,0.9,150,3.605613946914673,46171,16,120318,2968154,0.985270730989143
DrDoS_UDP,222,0.1,0.1,200,4.227965354919434,46160,16,120329,2968154,0.9852742401606818
DrDoS_UDP,222,0.5,0.1,200,4.735536336898804,46171,16,120318,2968154,0.985270730989143
DrDoS_UDP,222,0.7,0.1,200,4.7656025886535645,46171,16,120318,2968154,0.985270730989143
DrDoS_UDP,222,0.1,0.5,200,4.156632900238037,46165,16,120324,2968154,0.9852726450827096
DrDoS_UDP,222,0.5,0.5,200,4.482880353927612,46171,16,120318,2968154,0.985270730989143
DrDoS_UDP,222,0.7,0.5,200,4.839759111404419,46171,16,120318,2968154,0.985270730989143
DrDoS_UDP,222,0.1,0.9,200,4.222614049911499,46165,16,120324,2968154,0.9852726450827096
DrDoS_UDP,222,0.5,0.9,200,4.424780607223511,46171,16,120318,2968154,0.985270730989143
DrDoS_UDP,222,0.7,0.9,200,4.6007654666900635,46171,16,120318,2968154,0.985270730989143
DrDoS_UDP,419,0.1,0.1,10,0.7479650974273682,77181,119,2184,3055278,0.9753780574055801
DrDoS_UDP,419,0.5,0.1,10,0.881781816482544,77260,119,2105,3055278,0.9753528551736195
DrDoS_UDP,419,0.7,0.1,10,0.8844761848449707,77265,119,2100,3055278,0.9753512600956472
DrDoS_UDP,419,0.1,0.5,10,0.758648157119751,77214,119,2151,3055278,0.9753675298909636
DrDoS_UDP,419,0.5,0.5,10,0.8021469116210938,77270,119,2095,3055278,0.9753496650176751
DrDoS_UDP,419,0.7,0.5,10,0.891338586807251,77276,119,2089,3055278,0.9753477509241084
DrDoS_UDP,419,0.1,0.9,10,0.7601611614227295,77233,119,2132,3055278,0.9753614685946693
DrDoS_UDP,419,0.5,0.9,10,0.8172659873962402,77276,119,2089,3055278,0.9753477509241084
DrDoS_UDP,419,0.7,0.9,10,0.879539966583252,77279,119,2086,3055278,0.9753467938773251
DrDoS_UDP,419,0.1,0.1,50,1.483161449432373,77182,119,2183,3055278,0.9753777383899858
DrDoS_UDP,419,0.5,0.1,50,1.6904628276824951,77260,119,2105,3055278,0.9753528551736195
DrDoS_UDP,419,0.7,0.1,50,1.7227628231048584,77265,119,2100,3055278,0.9753512600956472
DrDoS_UDP,419,0.1,0.5,50,1.4933342933654785,77214,119,2151,3055278,0.9753675298909636
DrDoS_UDP,419,0.5,0.5,50,1.5989961624145508,77270,119,2095,3055278,0.9753496650176751
DrDoS_UDP,419,0.7,0.5,50,1.7198340892791748,77276,119,2089,3055278,0.9753477509241084
DrDoS_UDP,419,0.1,0.9,50,1.486936330795288,77232,119,2133,3055278,0.9753617876102637
DrDoS_UDP,419,0.5,0.9,50,1.5680577754974365,77276,119,2089,3055278,0.9753477509241084
DrDoS_UDP,419,0.7,0.9,50,1.7170934677124023,77279,119,2086,3055278,0.9753467938773251
DrDoS_UDP,419,0.1,0.1,100,2.2392749786376953,77182,119,2183,3055278,0.9753777383899858
DrDoS_UDP,419,0.5,0.1,100,2.5079283714294434,77259,119,2106,3055278,0.9753531741892139
DrDoS_UDP,419,0.7,0.1,100,2.5580530166625977,77265,119,2100,3055278,0.9753512600956472
DrDoS_UDP,419,0.1,0.5,100,2.2495110034942627,77214,119,2151,3055278,0.9753675298909636
DrDoS_UDP,419,0.5,0.5,100,2.3663558959960938,77270,119,2095,3055278,0.9753496650176751
DrDoS_UDP,419,0.7,0.5,100,2.5857675075531006,77276,119,2089,3055278,0.9753477509241084
DrDoS_UDP,419,0.1,0.9,100,2.2642250061035156,77232,119,2133,3055278,0.9753617876102637
DrDoS_UDP,419,0.5,0.9,100,2.37197208404541,77276,119,2089,3055278,0.9753477509241084
DrDoS_UDP,419,0.7,0.9,100,2.5553600788116455,77279,119,2086,3055278,0.9753467938773251
DrDoS_UDP,419,0.1,0.1,150,3.1579179763793945,77182,119,2183,3055278,0.9753777383899858
DrDoS_UDP,419,0.5,0.1,150,3.548309087753296,77259,119,2106,3055278,0.9753531741892139
DrDoS_UDP,419,0.7,0.1,150,3.648303985595703,77265,119,2100,3055278,0.9753512600956472
DrDoS_UDP,419,0.1,0.5,150,3.1603097915649414,77214,119,2151,3055278,0.9753675298909636
DrDoS_UDP,419,0.5,0.5,150,3.3444766998291016,77270,119,2095,3055278,0.9753496650176751
DrDoS_UDP,419,0.7,0.5,150,3.6644184589385986,77276,119,2089,3055278,0.9753477509241084
DrDoS_UDP,419,0.1,0.9,150,3.1934499740600586,77232,119,2133,3055278,0.9753617876102637
DrDoS_UDP,419,0.5,0.9,150,3.3296828269958496,77276,119,2089,3055278,0.9753477509241084
DrDoS_UDP,419,0.7,0.9,150,3.630955219268799,77279,119,2086,3055278,0.9753467938773251
DrDoS_UDP,419,0.1,0.1,200,3.9777016639709473,77182,119,2183,3055278,0.9753777383899858
DrDoS_UDP,419,0.5,0.1,200,4.472840070724487,77259,119,2106,3055278,0.9753531741892139
DrDoS_UDP,419,0.7,0.1,200,4.659617185592651,77264,119,2101,3055278,0.9753515791112417
DrDoS_UDP,419,0.1,0.5,200,4.069312810897827,77214,119,2151,3055278,0.9753675298909636
DrDoS_UDP,419,0.5,0.5,200,4.276960611343384,77270,119,2095,3055278,0.9753496650176751
DrDoS_UDP,419,0.7,0.5,200,4.5914671421051025,77276,119,2089,3055278,0.9753477509241084
DrDoS_UDP,419,0.1,0.9,200,4.039504051208496,77232,119,2133,3055278,0.9753617876102637
DrDoS_UDP,419,0.5,0.9,200,4.298077583312988,77276,119,2089,3055278,0.9753477509241084
DrDoS_UDP,419,0.7,0.9,200,4.823686599731445,77279,119,2086,3055278,0.9753467938773251
DrDoS_UDP,844,0.1,0.1,10,0.7937860488891602,1228,11,433986,2699429,0.9996082488500285
DrDoS_UDP,844,0.5,0.1,10,0.9316182136535645,1228,11,433986,2699429,0.9996082488500285
DrDoS_UDP,844,0.7,0.1,10,0.9485530853271484,1228,11,433986,2699429,0.9996082488500285
DrDoS_UDP,844,0.1,0.5,10,0.8110132217407227,1228,11,433986,2699429,0.9996082488500285
DrDoS_UDP,844,0.5,0.5,10,0.8873660564422607,1228,11,433986,2699429,0.9996082488500285
DrDoS_UDP,844,0.7,0.5,10,0.943528413772583,1228,11,433986,2699429,0.9996082488500285
DrDoS_UDP,844,0.1,0.9,10,0.8061482906341553,1228,11,433986,2699429,0.9996082488500285
DrDoS_UDP,844,0.5,0.9,10,0.8629775047302246,1228,11,433986,2699429,0.9996082488500285
DrDoS_UDP,844,0.7,0.9,10,0.9430608749389648,1228,11,433986,2699429,0.9996082488500285
DrDoS_UDP,844,0.1,0.1,50,1.717986822128296,1228,11,433986,2699429,0.9996082488500285
DrDoS_UDP,844,0.5,0.1,50,1.9123096466064453,1228,11,433986,2699429,0.9996082488500285
DrDoS_UDP,844,0.7,0.1,50,1.9432785511016846,1228,11,433986,2699429,0.9996082488500285
DrDoS_UDP,844,0.1,0.5,50,1.7105576992034912,1228,11,433986,2699429,0.9996082488500285
DrDoS_UDP,844,0.5,0.5,50,1.8398003578186035,1228,11,433986,2699429,0.9996082488500285
DrDoS_UDP,844,0.7,0.5,50,1.9356107711791992,1228,11,433986,2699429,0.9996082488500285
DrDoS_UDP,844,0.1,0.9,50,1.7220072746276855,1228,11,433986,2699429,0.9996082488500285
DrDoS_UDP,844,0.5,0.9,50,1.8244125843048096,1228,11,433986,2699429,0.9996082488500285
DrDoS_UDP,844,0.7,0.9,50,1.9892849922180176,1228,11,433986,2699429,0.9996082488500285
DrDoS_UDP,844,0.1,0.1,100,2.6668179035186768,1228,11,433986,2699429,0.9996082488500285
DrDoS_UDP,844,0.5,0.1,100,2.936828851699829,1228,11,433986,2699429,0.9996082488500285
DrDoS_UDP,844,0.7,0.1,100,2.990830659866333,1228,11,433986,2699429,0.9996082488500285
DrDoS_UDP,844,0.1,0.5,100,2.66457462310791,1228,11,433986,2699429,0.9996082488500285
DrDoS_UDP,844,0.5,0.5,100,2.8289997577667236,1228,11,433986,2699429,0.9996082488500285
DrDoS_UDP,844,0.7,0.5,100,2.9655983448028564,1228,11,433986,2699429,0.9996082488500285
DrDoS_UDP,844,0.1,0.9,100,2.676680088043213,1228,11,433986,2699429,0.9996082488500285
DrDoS_UDP,844,0.5,0.9,100,2.7779812812805176,1228,11,433986,2699429,0.9996082488500285
DrDoS_UDP,844,0.7,0.9,100,2.966731071472168,1228,11,433986,2699429,0.9996082488500285
DrDoS_UDP,844,0.1,0.1,150,3.7786827087402344,1228,11,433986,2699429,0.9996082488500285
DrDoS_UDP,844,0.5,0.1,150,4.169478416442871,1228,11,433986,2699429,0.9996082488500285
DrDoS_UDP,844,0.7,0.1,150,4.2699949741363525,1228,11,433986,2699429,0.9996082488500285
DrDoS_UDP,844,0.1,0.5,150,3.7979650497436523,1228,11,433986,2699429,0.9996082488500285
DrDoS_UDP,844,0.5,0.5,150,4.062499284744263,1228,11,433986,2699429,0.9996082488500285
DrDoS_UDP,844,0.7,0.5,150,4.2768495082855225,1228,11,433986,2699429,0.9996082488500285
DrDoS_UDP,844,0.1,0.9,150,3.7883455753326416,1228,11,433986,2699429,0.9996082488500285
DrDoS_UDP,844,0.5,0.9,150,3.971202850341797,1228,11,433986,2699429,0.9996082488500285
DrDoS_UDP,844,0.7,0.9,150,4.26904821395874,1228,11,433986,2699429,0.9996082488500285
DrDoS_UDP,844,0.1,0.1,200,4.905020236968994,1228,11,433986,2699429,0.9996082488500285
DrDoS_UDP,844,0.5,0.1,200,5.377227067947388,1228,11,433986,2699429,0.9996082488500285
DrDoS_UDP,844,0.7,0.1,200,5.487243175506592,1228,11,433986,2699429,0.9996082488500285
DrDoS_UDP,844,0.1,0.5,200,4.892190456390381,1228,11,433986,2699429,0.9996082488500285
DrDoS_UDP,844,0.5,0.5,200,5.205026865005493,1228,11,433986,2699429,0.9996082488500285
DrDoS_UDP,844,0.7,0.5,200,5.5278098583221436,1228,11,433986,2699429,0.9996082488500285
DrDoS_UDP,844,0.1,0.9,200,4.9197094440460205,1228,11,433986,2699429,0.9996082488500285
DrDoS_UDP,844,0.5,0.9,200,5.133665084838867,1228,11,433986,2699429,0.9996082488500285
DrDoS_UDP,844,0.7,0.9,200,5.500463962554932,1228,11,433986,2699429,0.9996082488500285
DrDoS_UDP,918,0.1,0.1,10,1.0593326091766357,1012150,172525,694521,1424351,0.6771083660882595
DrDoS_UDP,918,0.5,0.1,10,1.1460809707641602,966523,172525,740154,1424351,0.6916640906157415
DrDoS_UDP,918,0.7,0.1,10,1.1422455310821533,992175,172525,714405,1424351,0.6834807025871845
DrDoS_UDP,918,0.1,0.5,10,1.0225801467895508,968988,172525,737140,1424351,0.6908777171754487
DrDoS_UDP,918,0.5,0.5,10,1.1156508922576904,951849,172525,754817,1424351,0.6963453254485439
DrDoS_UDP,918,0.7,0.5,10,1.1444480419158936,988017,172525,718649,1424351,0.6848071694288632
DrDoS_UDP,918,0.1,0.9,10,1.0153238773345947,952138,172525,753205,1424351,0.6962531299417509
DrDoS_UDP,918,0.5,0.9,10,1.1179072856903076,947197,172525,759420,1424351,0.6978293859938756
DrDoS_UDP,918,0.7,0.9,10,1.1567866802215576,986099,172525,720521,1424351,0.6854190413389978
DrDoS_UDP,918,0.1,0.1,50,2.5281195640563965,1012576,172525,694108,1424351,0.6769724654450283
DrDoS_UDP,918,0.5,0.1,50,2.7104310989379883,966033,172525,740645,1424351,0.6918204082570169
DrDoS_UDP,918,0.7,0.1,50,2.740856409072876,992342,172525,714245,1424351,0.6834274269829133
DrDoS_UDP,918,0.1,0.5,50,2.529599666595459,970100,172525,736180,1424351,0.6905229718344322
DrDoS_UDP,918,0.5,0.5,50,2.678323745727539,951275,172525,755391,1424351,0.696528440399752
DrDoS_UDP,918,0.7,0.5,50,2.7599611282348633,987659,172525,719007,1424351,0.6849213770116724
DrDoS_UDP,918,0.1,0.9,50,2.530210256576538,952089,172525,682926,1424351,0.6962687617058785
DrDoS_UDP,918,0.5,0.9,50,2.6883134841918945,947579,172525,759041,1424351,0.6977075220367998
DrDoS_UDP,918,0.7,0.9,50,2.755072832107544,986441,172525,720179,1424351,0.6853099380056995
DrDoS_UDP,918,0.1,0.1,100,4.360687971115112,1012575,172525,694109,1424351,0.6769727844606228
DrDoS_UDP,918,0.5,0.1,100,4.610329627990723,966033,172525,740645,1424351,0.6918204082570169
DrDoS_UDP,918,0.7,0.1,100,4.670013427734375,992341,172525,714246,1424351,0.6834277459985076
DrDoS_UDP,918,0.1,0.5,100,4.384986877441406,970105,172525,736352,1424351,0.69052137675646
DrDoS_UDP,918,0.5,0.5,100,4.586787462234497,951275,172525,755307,1424351,0.696528440399752
DrDoS_UDP,918,0.7,0.5,100,4.693848133087158,987664,172525,719002,1424351,0.6849197819337003
DrDoS_UDP,918,0.1,0.9,100,4.352679252624512,952115,172525,741434,1424351,0.696260467300423
DrDoS_UDP,918,0.5,0.9,100,4.559772729873657,947585,172525,759075,1424351,0.6977056079432331
DrDoS_UDP,918,0.7,0.9,100,4.666138172149658,986448,172525,720211,1424351,0.6853077048965385
DrDoS_UDP,918,0.1,0.1,150,6.2487969398498535,1012569,172525,694115,1424351,0.6769746985541895
DrDoS_UDP,918,0.5,0.1,150,6.6492321491241455,966050,172525,740628,1424351,0.6918149849919114
DrDoS_UDP,918,0.7,0.1,150,6.7485809326171875,992341,172525,714246,1424351,0.6834277459985076
DrDoS_UDP,918,0.1,0.5,150,6.285174369812012,970117,172525,736295,1424351,0.6905175485693267
DrDoS_UDP,918,0.5,0.5,150,6.585085391998291,951276,172525,755307,1424351,0.6965281213841577
DrDoS_UDP,918,0.7,0.5,150,6.748416185379028,987681,172525,718985,1424351,0.6849143586685948
DrDoS_UDP,918,0.1,0.9,150,6.227384567260742,952163,172525,741274,1424351,0.69624515455189
DrDoS_UDP,918,0.5,0.9,150,6.617117881774902,947626,172525,759033,1424351,0.6976925283038611
DrDoS_UDP,918,0.7,0.9,150,6.756322145462036,986458,172525,720199,1424351,0.6853045147405941
DrDoS_UDP,918,0.1,0.1,200,8.093121528625488,1012560,172525,694124,1424351,0.6769775696945394
DrDoS_UDP,918,0.5,0.1,200,8.699422597885132,966050,172525,740628,1424351,0.6918149849919114
DrDoS_UDP,918,0.7,0.1,200,8.818793535232544,992341,172525,714246,1424351,0.6834277459985076
DrDoS_UDP,918,0.1,0.5,200,8.11998176574707,970117,172525,736294,1424351,0.6905175485693267
DrDoS_UDP,918,0.5,0.5,200,8.638904809951782,951276,172525,755300,1424351,0.6965281213841577
DrDoS_UDP,918,0.7,0.5,200,8.857417821884155,987681,172525,718985,1424351,0.6849143586685948
DrDoS_UDP,918,0.1,0.9,200,8.116267204284668,952160,172525,751221,1424351,0.6962461115986732
DrDoS_UDP,918,0.5,0.9,200,8.537377119064331,947626,172525,759036,1424351,0.6976925283038611
DrDoS_UDP,918,0.7,0.9,200,8.92054271697998,986458,172525,720202,1424351,0.6853045147405941
DrDoS_UDP,1344,0.1,0.1,10,1.0726003646850586,803,5851,1918590,1215249,0.9997438304776652
DrDoS_UDP,1344,0.5,0.1,10,1.1627717018127441,803,5851,1918590,1215249,0.9997438304776652
DrDoS_UDP,1344,0.7,0.1,10,1.1709246635437012,803,5851,1918590,1215249,0.9997438304776652
DrDoS_UDP,1344,0.1,0.5,10,1.0380859375,805,5851,1918588,1215249,0.9997431924464764
DrDoS_UDP,1344,0.5,0.5,10,1.0895192623138428,803,5851,1918590,1215249,0.9997438304776652
DrDoS_UDP,1344,0.7,0.5,10,1.122084379196167,803,5851,1918590,1215249,0.9997438304776652
DrDoS_UDP,1344,0.1,0.9,10,1.0388765335083008,806,5851,1918588,1215249,0.999742873430882
DrDoS_UDP,1344,0.5,0.9,10,1.0895426273345947,803,5851,1918590,1215249,0.9997438304776652
DrDoS_UDP,1344,0.7,0.9,10,1.1169979572296143,803,5851,1918590,1215249,0.9997438304776652
DrDoS_UDP,1344,0.1,0.1,50,2.59139347076416,803,5851,1918590,1215249,0.9997438304776652
DrDoS_UDP,1344,0.5,0.1,50,2.796947717666626,803,5851,1918590,1215249,0.9997438304776652
DrDoS_UDP,1344,0.7,0.1,50,2.8308541774749756,803,5851,1918590,1215249,0.9997438304776652
DrDoS_UDP,1344,0.1,0.5,50,2.5990428924560547,805,5851,1918588,1215249,0.9997431924464764
DrDoS_UDP,1344,0.5,0.5,50,2.6815083026885986,803,5851,1918590,1215249,0.9997438304776652
DrDoS_UDP,1344,0.7,0.5,50,2.7815234661102295,803,5851,1918590,1215249,0.9997438304776652
DrDoS_UDP,1344,0.1,0.9,50,2.6076295375823975,806,5851,1918588,1215249,0.999742873430882
DrDoS_UDP,1344,0.5,0.9,50,2.696424722671509,803,5851,1918590,1215249,0.9997438304776652
DrDoS_UDP,1344,0.7,0.9,50,2.75439190864563,803,5851,1918590,1215249,0.9997438304776652
DrDoS_UDP,1344,0.1,0.1,100,4.460623502731323,803,5851,1918590,1215249,0.9997438304776652
DrDoS_UDP,1344,0.5,0.1,100,4.6920061111450195,803,5851,1918590,1215249,0.9997438304776652
DrDoS_UDP,1344,0.7,0.1,100,4.7443013191223145,803,5851,1918590,1215249,0.9997438304776652
DrDoS_UDP,1344,0.1,0.5,100,4.437544584274292,805,5851,1918588,1215249,0.9997431924464764
DrDoS_UDP,1344,0.5,0.5,100,4.5297746658325195,803,5851,1918590,1215249,0.9997438304776652
DrDoS_UDP,1344,0.7,0.5,100,4.645403146743774,803,5851,1918590,1215249,0.9997438304776652
DrDoS_UDP,1344,0.1,0.9,100,4.425107002258301,805,5851,1918589,1215249,0.9997431924464764
DrDoS_UDP,1344,0.5,0.9,100,4.55390739440918,803,5851,1918590,1215249,0.9997438304776652
DrDoS_UDP,1344,0.7,0.9,100,4.664745569229126,803,5851,1918590,1215249,0.9997438304776652
DrDoS_UDP,1344,0.1,0.1,150,6.37782621383667,803,5851,1918590,1215249,0.9997438304776652
DrDoS_UDP,1344,0.5,0.1,150,6.823554515838623,803,5851,1918590,1215249,0.9997438304776652
DrDoS_UDP,1344,0.7,0.1,150,6.868010997772217,803,5851,1918590,1215249,0.9997438304776652
DrDoS_UDP,1344,0.1,0.5,150,6.376255989074707,805,5851,1918588,1215249,0.9997431924464764
DrDoS_UDP,1344,0.5,0.5,150,6.630824327468872,803,5851,1918590,1215249,0.9997438304776652
DrDoS_UDP,1344,0.7,0.5,150,6.702314376831055,803,5851,1918590,1215249,0.9997438304776652
DrDoS_UDP,1344,0.1,0.9,150,6.357539653778076,805,5851,1918589,1215249,0.9997431924464764
DrDoS_UDP,1344,0.5,0.9,150,6.584484338760376,803,5851,1918590,1215249,0.9997438304776652
DrDoS_UDP,1344,0.7,0.9,150,6.722154855728149,803,5851,1918590,1215249,0.9997438304776652
DrDoS_UDP,1344,0.1,0.1,200,8.269236087799072,803,5851,1918590,1215249,0.9997438304776652
DrDoS_UDP,1344,0.5,0.1,200,8.78161334991455,803,5851,1918590,1215249,0.9997438304776652
DrDoS_UDP,1344,0.7,0.1,200,8.854457378387451,803,5851,1918590,1215249,0.9997438304776652
DrDoS_UDP,1344,0.1,0.5,200,8.26732325553894,805,5851,1918588,1215249,0.9997431924464764
DrDoS_UDP,1344,0.5,0.5,200,8.509443283081055,803,5851,1918590,1215249,0.9997438304776652
DrDoS_UDP,1344,0.7,0.5,200,8.70790410041809,803,5851,1918590,1215249,0.9997438304776652
DrDoS_UDP,1344,0.1,0.9,200,8.314391613006592,805,5851,1918589,1215249,0.9997431924464764
DrDoS_UDP,1344,0.5,0.9,200,8.51558780670166,803,5851,1918590,1215249,0.9997438304776652
DrDoS_UDP,1344,0.7,0.9,200,8.77236557006836,803,5851,1918590,1215249,0.9997438304776652
DrDoS_UDP,65536,0.1,0.1,10,0.9860594272613525,1952,101133,1444631,1688060,0.9993772815596544
DrDoS_UDP,65536,0.5,0.1,10,1.1062312126159668,1934,101133,1444649,1688060,0.9993830238403544
DrDoS_UDP,65536,0.7,0.1,10,1.104079008102417,1933,101133,1444650,1688060,0.9993833428559489
DrDoS_UDP,65536,0.1,0.5,10,0.9762990474700928,1950,101133,1444633,1688060,0.9993779195908433
DrDoS_UDP,65536,0.5,0.5,10,1.0242986679077148,1932,101133,1444651,1688060,0.9993836618715433
DrDoS_UDP,65536,0.7,0.5,10,1.120302677154541,1932,101133,1444651,1688060,0.9993836618715433
DrDoS_UDP,65536,0.1,0.9,10,0.9806230068206787,1949,101133,1444634,1688060,0.9993782386064378
DrDoS_UDP,65536,0.5,0.9,10,1.0251555442810059,1932,101133,1444651,1688060,0.9993836618715433
DrDoS_UDP,65536,0.7,0.9,10,1.0558750629425049,1933,101133,1444650,1688060,0.9993833428559489
DrDoS_UDP,65536,0.1,0.1,50,2.337442636489868,1952,101133,1444631,1688060,0.9993772815596544
DrDoS_UDP,65536,0.5,0.1,50,2.519101858139038,1934,101133,1444649,1688060,0.9993830238403544
DrDoS_UDP,65536,0.7,0.1,50,2.5638599395751953,1933,101133,1444650,1688060,0.9993833428559489
DrDoS_UDP,65536,0.1,0.5,50,2.3276844024658203,1950,101133,1444633,1688060,0.9993779195908433
DrDoS_UDP,65536,0.5,0.5,50,2.43220853805542,1932,101133,1444651,1688060,0.9993836618715433
DrDoS_UDP,65536,0.7,0.5,50,2.561978578567505,1932,101133,1444651,1688060,0.9993836618715433
DrDoS_UDP,65536,0.1,0.9,50,2.341092348098755,1950,101133,1444633,1688060,0.9993779195908433
DrDoS_UDP,65536,0.5,0.9,50,2.4208548069000244,1932,101133,1444651,1688060,0.9993836618715433
DrDoS_UDP,65536,0.7,0.9,50,2.488971471786499,1933,101133,1444650,1688060,0.9993833428559489
DrDoS_UDP,65536,0.1,0.1,100,3.9828999042510986,1952,101133,1444631,1688060,0.9993772815596544
DrDoS_UDP,65536,0.5,0.1,100,4.249071836471558,1934,101133,1444649,1688060,0.9993830238403544
DrDoS_UDP,65536,0.7,0.1,100,4.301707029342651,1933,101133,1444650,1688060,0.9993833428559489
DrDoS_UDP,65536,0.1,0.5,100,3.9891810417175293,1950,101133,1444633,1688060,0.9993779195908433
DrDoS_UDP,65536,0.5,0.5,100,4.09554648399353,1932,101133,1444651,1688060,0.9993836618715433
DrDoS_UDP,65536,0.7,0.5,100,4.2802894115448,1932,101133,1444651,1688060,0.9993836618715433
DrDoS_UDP,65536,0.1,0.9,100,3.9852449893951416,1950,101133,1444633,1688060,0.9993779195908433
DrDoS_UDP,65536,0.5,0.9,100,4.127454042434692,1932,101133,1444651,1688060,0.9993836618715433
DrDoS_UDP,65536,0.7,0.9,100,4.321869134902954,1933,101133,1444650,1688060,0.9993833428559489
DrDoS_UDP,65536,0.1,0.1,150,5.716240882873535,1952,101133,1444631,1688060,0.9993772815596544
DrDoS_UDP,65536,0.5,0.1,150,6.120792865753174,1934,101133,1444649,1688060,0.9993830238403544
DrDoS_UDP,65536,0.7,0.1,150,6.2356789112091064,1933,101133,1444650,1688060,0.9993833428559489
DrDoS_UDP,65536,0.1,0.5,150,5.774197101593018,1950,101133,1444633,1688060,0.9993779195908433
DrDoS_UDP,65536,0.5,0.5,150,6.055830240249634,1932,101133,1444651,1688060,0.9993836618715433
DrDoS_UDP,65536,0.7,0.5,150,6.2473061084747314,1932,101133,1444651,1688060,0.9993836618715433
DrDoS_UDP,65536,0.1,0.9,150,5.770882606506348,1950,101133,1444633,1688060,0.9993779195908433
DrDoS_UDP,65536,0.5,0.9,150,5.946959018707275,1932,101133,1444651,1688060,0.9993836618715433
DrDoS_UDP,65536,0.7,0.9,150,6.101760149002075,1933,101133,1444650,1688060,0.9993833428559489
DrDoS_UDP,65536,0.1,0.1,200,7.4861273765563965,1952,101133,1444631,1688060,0.9993772815596544
DrDoS_UDP,65536,0.5,0.1,200,7.99411416053772,1934,101133,1444649,1688060,0.9993830238403544
DrDoS_UDP,65536,0.7,0.1,200,8.093178272247314,1933,101133,1444650,1688060,0.9993833428559489
DrDoS_UDP,65536,0.1,0.5,200,7.5660247802734375,1950,101133,1444633,1688060,0.9993779195908433
DrDoS_UDP,65536,0.5,0.5,200,7.734811067581177,1932,101133,1444651,1688060,0.9993836618715433
DrDoS_UDP,65536,0.7,0.5,200,8.086799383163452,1932,101133,1444651,1688060,0.9993836618715433
DrDoS_UDP,65536,0.1,0.9,200,7.461042165756226,1950,101133,1444633,1688060,0.9993779195908433
DrDoS_UDP,65536,0.5,0.9,200,7.768135070800781,1932,101133,1444651,1688060,0.9993836618715433
DrDoS_UDP,65536,0.7,0.9,200,7.879970550537109,1933,101133,1444650,1688060,0.9993833428559489
DrDoS_UDP,815149,0.1,0.1,10,0.7518680095672607,396,37,90342,3043905,0.999873669824602
DrDoS_UDP,815149,0.5,0.1,10,0.8819162845611572,398,37,90340,3043905,0.9998730317934131
DrDoS_UDP,815149,0.7,0.1,10,0.8987977504730225,399,37,90339,3043905,0.9998727127778188
DrDoS_UDP,815149,0.1,0.5,10,0.7620594501495361,395,37,90343,3043905,0.9998739888401965
DrDoS_UDP,815149,0.5,0.5,10,0.8819780349731445,397,37,90341,3043905,0.9998733508090076
DrDoS_UDP,815149,0.7,0.5,10,0.8765835762023926,399,37,90339,3043905,0.9998727127778188
DrDoS_UDP,815149,0.1,0.9,10,0.7466423511505127,394,37,90344,3043905,0.9998743078557909
DrDoS_UDP,815149,0.5,0.9,10,0.8269877433776855,397,37,90341,3043905,0.9998733508090076
DrDoS_UDP,815149,0.7,0.9,10,0.8806493282318115,399,37,90339,3043905,0.9998727127778188
DrDoS_UDP,815149,0.1,0.1,50,1.4802100658416748,396,37,90342,3043905,0.999873669824602
DrDoS_UDP,815149,0.5,0.1,50,1.686655044555664,398,37,90340,3043905,0.9998730317934131
DrDoS_UDP,815149,0.7,0.1,50,1.7639780044555664,399,37,90339,3043905,0.9998727127778188
DrDoS_UDP,815149,0.1,0.5,50,1.5056447982788086,395,37,90343,3043905,0.9998739888401965
DrDoS_UDP,815149,0.5,0.5,50,1.697472333908081,397,37,90341,3043905,0.9998733508090076
DrDoS_UDP,815149,0.7,0.5,50,1.7346601486206055,399,37,90339,3043905,0.9998727127778188
DrDoS_UDP,815149,0.1,0.9,50,1.4983901977539062,395,37,90343,3043905,0.9998739888401965
DrDoS_UDP,815149,0.5,0.9,50,1.6188671588897705,397,37,90341,3043905,0.9998733508090076
DrDoS_UDP,815149,0.7,0.9,50,1.729060411453247,399,37,90339,3043905,0.9998727127778188
DrDoS_UDP,815149,0.1,0.1,100,2.2303638458251953,396,37,90342,3043905,0.999873669824602
DrDoS_UDP,815149,0.5,0.1,100,2.508443832397461,398,37,90340,3043905,0.9998730317934131
DrDoS_UDP,815149,0.7,0.1,100,2.5695228576660156,399,37,90339,3043905,0.9998727127778188
DrDoS_UDP,815149,0.1,0.5,100,2.2564220428466797,395,37,90343,3043905,0.9998739888401965
DrDoS_UDP,815149,0.5,0.5,100,2.4822731018066406,397,37,90341,3043905,0.9998733508090076
DrDoS_UDP,815149,0.7,0.5,100,2.5371551513671875,399,37,90339,3043905,0.9998727127778188
DrDoS_UDP,815149,0.1,0.9,100,2.2226600646972656,395,37,90343,3043905,0.9998739888401965
DrDoS_UDP,815149,0.5,0.9,100,2.479055404663086,397,37,90341,3043905,0.9998733508090076
DrDoS_UDP,815149,0.7,0.9,100,2.5516154766082764,399,37,90339,3043905,0.9998727127778188
DrDoS_UDP,815149,0.1,0.1,150,3.1337625980377197,396,37,90342,3043905,0.999873669824602
DrDoS_UDP,815149,0.5,0.1,150,3.5491764545440674,398,37,90340,3043905,0.9998730317934131
DrDoS_UDP,815149,0.7,0.1,150,3.6350483894348145,399,37,90339,3043905,0.9998727127778188
DrDoS_UDP,815149,0.1,0.5,150,3.1271681785583496,395,37,90343,3043905,0.9998739888401965
DrDoS_UDP,815149,0.5,0.5,150,3.529026985168457,397,37,90341,3043905,0.9998733508090076
DrDoS_UDP,815149,0.7,0.5,150,3.6306023597717285,399,37,90339,3043905,0.9998727127778188
DrDoS_UDP,815149,0.1,0.9,150,3.1282999515533447,395,37,90343,3043905,0.9998739888401965
DrDoS_UDP,815149,0.5,0.9,150,3.3909475803375244,397,37,90341,3043905,0.9998733508090076
DrDoS_UDP,815149,0.7,0.9,150,3.6562256813049316,399,37,90339,3043905,0.9998727127778188
DrDoS_UDP,815149,0.1,0.1,200,3.9665350914001465,396,37,90342,3043905,0.999873669824602
DrDoS_UDP,815149,0.5,0.1,200,4.450393915176392,398,37,90340,3043905,0.9998730317934131
DrDoS_UDP,815149,0.7,0.1,200,4.600731134414673,399,37,90339,3043905,0.9998727127778188
DrDoS_UDP,815149,0.1,0.5,200,3.968047618865967,395,37,90343,3043905,0.9998739888401965
DrDoS_UDP,815149,0.5,0.5,200,4.472151756286621,397,37,90341,3043905,0.9998733508090076
DrDoS_UDP,815149,0.7,0.5,200,4.7049782276153564,399,37,90339,3043905,0.9998727127778188
DrDoS_UDP,815149,0.1,0.9,200,3.9703152179718018,395,37,90343,3043905,0.9998739888401965
DrDoS_UDP,815149,0.5,0.9,200,4.380006313323975,397,37,90341,3043905,0.9998733508090076
DrDoS_UDP,815149,0.7,0.9,200,4.596827030181885,399,37,90339,3043905,0.9998727127778188
